loc_char_oso_00_bio;"La prudenza, la saggezza e l'empatia verso l'ambiente hanno dotato questo carismatico orso di una capacità senza pari di stare sul campo.  Prima di ogni partita dedica un'ora alla meditazione trascendentale.  Ma dopo il calcio d'inizio, la pace è finita: l'orso tira fuori i suoi artigli, sapendo che la vita è effimera... soprattutto quella dei suoi avversari. Non tutti i Moustakim Vitalievich del Multiverso sono in grado di controllare la loro rabbia, né sono saggi e nobili d'animo come colui che abita nel Premiumverso originale. Sarà sempre uno dei titolari degli onorevoli Sputnik Bears di Plantigrado. Tuttavia, nell'universo B022, invece di battersi per la libertà del suo pianeta, preferisce difendere i colori della squadra feudale degli Zar di Plantigrado (Plantigrado Tzars).  A sua volta, Moustakim dell'universo R02 ha divorato un mutante durante una partita e ora soffre di bruciore di stomaco cronico."
loc_char_oso_00_descr;"Non perdo mai la pazienza, ma a volte è la pazienza a perdere me".
loc_char_oso_01_bio;"Ha promesso di indossare una maschera finché il suo pianeta Plantigrado non sarà libero dalle minacce straniere. Sarebbe disposto a sacrificare la sua vita sul campo di gioco per l'onore della sua squadra e per i diritti dei suoi compatrioti. In tutti gli infiniti Multiversi, i vari Aleksei Rollan mantengono la stessa ferocia e tenacia. Nel Premiumverso Originale è fedele agli Sputnik Bears di Plantigrado, ma in altre realtà parallele la sua carriera ha avuto un diverso cammino. Ad esempio, nell'universo C130 gioca nella squadra dedicata a Yuri Gagarin, mentre in quello B029 vende hot dog allo stadio Third Kind e invece di una maschera indossa un cappello messicano.  Particolarmente tragica è la storia di Aleksei Rollan dall'universo A002, dove suo figlio è stato rapito per costringerlo a giocare per la squadra mutante Cesius Mayhem."
loc_char_oso_01_descr;"Se ti mostro il mio volto, sarà l'ultima cosa che vedrai".
loc_char_oso_02_bio;"Divenne un eroe battendosi per la libertà del suo pianeta, affrontando il nemico dai boschi, colpendo e ritirandosi rapidamente.  Ora ha portato tutto il suo talento nello sport, con l'obiettivo di ottenere maggiore visibilità per la causa di Plantigrado. Nella maggior parte delle realtà parallele esplorate, è sempre un guerrigliero esperto di esplosivi, che si nasconde tra la flora plantigradense. Solo in pochi universi è un giocatore di Aces of Multiverse. Nel Premiumverso Originale gioca ovviamente tra le fila degli Sputnik Bears di Plantigrado. Tuttavia, ad esempio, nell'universo Z003 fa parte di un team di egogirl che lo hanno adottato come mascotte... e pare che non si lamenti nemmeno, perché lo coccolano con una miriade di toast con il miele.  "
loc_char_oso_02_descr;"Da dove provengo, dare la zampa significa eliminare il nemico".
loc_char_oso_03_bio;"Tra gli ursidi di Plantigrado non esistono tabù per quanto riguarda l'età. Il loro rapido sviluppo cerebrale li rende eccellenti combattenti o giocatori di Aces of Multiverse fin dalla tenera infanzia.  È il caso di Kirill che, a soli 10 anni, si distingue già nelle leghe professionistiche di questo sport e difende con passione i colori del suo pianeta. Tutte le versioni quantistiche di questo piccolo ragazzo che popolano il multiverso hanno una cosa in comune: il talento per giocare ad Aces of Multiverse. Anche se in alcune realtà parallele usa questo talento in un modo e in altre in altro modo.  Nel Premiumverso Originale non ha mai lasciato le fila della squadra del suo pianeta natale, gli Sputnik Bears di Plantigrado. Nell'universo U03 (noto come Universo Universitario) si è unito a un team di giovani chiamato Galactic Hitchhikers e sta mettendo da parte i risparmi per i suoi anni sabbatici. Nell'universo F404 (l'Universo della Moda) non gli manca il talento, ma non gioca perché il sudore gli fa crescere la pelliccia."
loc_char_oso_03_descr;"Per me questo è un gioco da ragazzi".
loc_char_oso_04_bio;"Nel suo impegno per un pianeta più giusto, Leonid Arkaimovich è un plantigradense che si batte per rivedere i suoi privilegi e cambiare i ruoli maschili. Ecco perché ha fatto ricorso alla tecnologia CiberMarsupiale per prendersi cura del figlio 24 ore al giorno, anche sul campo da gioco. Nel Premiumverso Originale è Leonid a porta suo figlio, mentre difende i colori degli Sputnik Bears di Plantigrado, ma in non poche realtà parallele è il figlio a portare Leonid.  Nell'universo T100 sono stati tesserati da un team di robot che li hanno presi per una specie di creatura biologica due in uno. Nell'universo E203, invece di calcare gli stadi, calcano i casting per gli spot pubblicitari dove Leonid cerca di far diventare suo figlio il nuovo volto del prossimo marchio di abbigliamento per bambini. "
loc_char_oso_04_descr;"Chi gioca per se stesso, gioca solo. Chi gioca per il futuro dei suoi figli, fa la guerra".
loc_char_oso_05_bio;"La tecnologia insita negli archivi dello Sputnik 2.2 ha un potenziale enorme se combinata con i cervelli iper-sviluppati degli ursidi di Plantigrado.  Creazioni come le gambe cibernetiche di David Guralev sono state rese possibili solo grazie al sapere degli orsi. Grazie ad esse, Guralev ha superato la paralisi permanente che ha subito in una partita contro i Radiostar Freaks. È riuscito a tornare a far parte della squadra in ottima forma. Nel Premiumverso Originale, David Guralev gioca per gli Sputnik Bears con una meccanoprotesi, perché uno scontro di gioco durante una partita contro i Radiostar Freaks lo ha lasciato paralizzato. In altri multiversi, sono i Radiostar Freaks, nessuno escluso, a dover indossare meccanoprotesi a causa di David Guralev. Nell'universo J584, Guralev si sente più robot che umanoide, quindi gioca per una squadra di robot. "
loc_char_oso_05_descr;"Le mie gambe sono fatte di tungsteno, il mio cuore è colmo di vittorie".
loc_char_oso_06_bio;"La sua famiglia non discende dagli orsi del primo Sputnik atterrato a Plantigrado, ma vi emigrò come semplici orsi formichieri, che si sono evoluti rapidamente come gli eredi di Misha e Masha. Da qui il suo nome straniero e la sua razza esotica, ma si sente plantigradense nel cuore: lì ci sono la sua famiglia, gli amici e le migliori formiche della galassia. Darà tutto se stesso per la gloria del suo pianeta. Non tutte le realtà parallele sono state così eque per Pavel come il Premiumverso Originale. In altri universi non è stato accettato dagli Sputnik Bears, essendo un orso formichiere.  Ecco perché è facile vedere sue versioni alternative far parte di team di robot o umanoidi. Nell'universo H404 ha fondato la società di disinfestazione Formiclon, specializzata nello sterminare formicai, il cui slogan è: Con Formiclon, le formiche saranno fatte secche e gli orsi ingrasseranno."
loc_char_oso_06_descr;"Disintegrerò i miei nemici come formiche e li divorerò... come... come formiche".
loc_char_oso_07_bio;"Improvvisamente, il potente Moustakim Vitalievich si è evoluto e ora è più veloce che mai.  Questo progresso è senza dubbio il risultato dell'intreccio quantico delle sue molecole con quelle di un possessore di un dispositivo Xplora. Questo Vitalievich Moustakim evoluto non è facile da trovare in qualsiasi campo di uno qualsiasi degli universi. Il miglioramento delle sue prestazioni viene trasmesso attraverso un portale multidimensionale, azionato dall'interazione di un dispositivo Xplora. Quando un utente Xplora pratica sport nel proprio mondo, tutte le prestazioni viaggiano attraverso il multiverso e a beneficiarne sarà un giocatore casuale di Aces of Multiverse. In questo caso, tocca a Moustakim Vitalievich evoluto, e il pubblico potrà vederlo sfrecciare nel campo da gioco."
loc_char_oso_07_descr;"Essere più veloce mi aiuta a mettere a freno l'impazienza, perché ora arrivo prima ovunque".
loc_char_oso_08_bio;"L'intreccio quantico tra universi paralleli ha unito le cellule di Aleksei con quelle di un utente di un dispositivo interdimensionale Xplora. Come frutto degli sforzi compiuti da questo misterioso utente nel suo universo, questa versione di Aleksei ha acquisito un aumento della sua abilità. Nelle realtà quantiche, non è frequente imbattersi in questo Aleksei Rollan alternativo, che mantiene tutta la sua forza ma migliora la sua abilità.  Un dispositivo interdimensionale Xplora può trasmettere in modo casuale le prestazioni del suo utente a qualsiasi giocatore di Aces of Multiverse, quindi la probabilità di trovare altri Aleksei Rollan evoluti che giocano per squadre di altre dimensioni è rara... ma non impossibile.  "
loc_char_oso_08_descr;"Dietro questa maschera, riesco a percepire il mio cervello coordinare tutti i miei movimenti in un modo in cui mai c'ero riuscito prima".
loc_char_oso_09_bio;"L'aumento della massa muscolare necessario per rendere più veloce l'originale Yaroslav Ilych è stato trasmesso attraverso il multiverso, grazie all'intreccio quantico con le molecole di un utente Xplora. Questo è Yaroslav Ilych evoluto: la stessa brutalità, ma più veloce. La probabilità quantica è stata favorevole a Yaroslav Ilych evoluto, ma non è qualcosa che accade tutti i giorni. Vederlo giocare in qualsiasi universo è cosa rara. Affinché questo accada, l'utente di un dispositivo interdimensionale Xplora deve praticare lo sport necessario per migliorarne le prestazioni, e ciò viene trasmesso lungo il multiverso, per potenziare un giocatore casuale di Aces of Multiverse."
loc_char_oso_09_descr;"Ora posso generare il caos molto più velocemente".
loc_char_oso_10_bio;"È difficile credere che un corpo così piccolo come quello di Kirill Georgiy sia stato in grado di accumulare così tanta potenza in un solo istante. Tutto ciò è stato causato, naturalmente, da un fortunato intreccio quantico tra le sue molecole e quelle di un misterioso utilizzatore di un dispositivo interdimensionale Xplora.  Poiché quest'ultimo ha preso molto sul serio l'allenamento, tutte le sue prestazioni hanno migliorato la forza, l'abilità e la velocità del piccolo Kirill. Kirill Georgiy evoluto è una rarità quantica ed è raro trovarlo in qualsiasi multiverso. Affinché la trasmissione delle prestazioni possa avvenire, il proprietario di un dispositivo interdimensionale Xplora deve allenarsi molto duramente.  Poi, tutto questo potenziamento viaggerà nel multiverso è sarà ricevuto da un giocatore, in modo casuale. In questo caso è stato Kirill ad evolversi, e tutti i suoi fan lo acclamano."
loc_char_oso_10_descr;"È come se fossi cresciuto dall'oggi al domani".
loc_char_oso_11_bio;"Un utente di un dispositivo interdimensionale Xplora si è allenato nel suo universo, il che ha permesso, grazie all'opera dell'intreccio quantico, che le cellule neuronali di Leonid si siano potenziate, aumentandone l'abilità. Il Leonid Arkaimovich originale è una bestia dalla forza indiscussa, ma questa versione evoluta migliora anche in agilità e abilità.  Ciò è possibile grazie alla trasmissione del potenziale che si verifica quando un utente di un dispositivo interdimensionale Xplora pratica esercizio fisico nel proprio mondo: tale attività viene trasmessa a diversi universi paralleli, potenziando un giocatore di Aces of Multiverse, in modo casuale. Purtroppo, le versioni evolute di Leonid Arkaimovich non sono frequenti."
loc_char_oso_11_descr;"Ci sentiamo agili, ci sentiamo rapidi, ci sentiamo bene".
loc_char_oso_12_bio;"L'utente del dispositivo interdimensionale Xplora che ha trasmesso gli effetti del suo allenamento a questo David Guralev evoluto ha fatto un ottimo lavoro. Questa versione non solo ha maggiore forza, ma anche abilità e velocità. Un David Guralev così evoluto come questo è raro nel multiverso. Le probabilità che tutti i progressi nelle prestazioni trasmessi da un utente Xplora a lui erano molto basse. Ora che questa strana circostanza si è verificata, il pubblico ha l'opportunità di ammirare una versione di David Guralev più potente che mai. "
loc_char_oso_12_descr;"Mi sento come se potessi volare su una luna plantigradense e attraversarla da polo a polo... dall'interno".
loc_char_oso_13_bio;"L'intreccio quantico ha abbinato le cellule di Pavel con quelle di un utente di Xplora che si è allenato molto seriamente. Come risultato della sua attività fisica, Pavel ha sperimentato un notevole aumento di molte delle sue abilità: forza, abilità e velocità. Così è nato Pavel Kirillovich evoluto, così è nato un giocatore debordante. Un Kirillovich Pavel evoluto a un tale livello di prestazioni è un qualcosa di molto difficile da vedere in qualsiasi parte del multiverso. Il proprietario del dispositivo interdimensionale Xplora, grazie al quale ha ricevuto tanta potenza, ha indubbiamente fatto un ottimo lavoro. Un esercizio fisico di assoluto livello, che ora ci dà l'opportunità di ammirare un giocatore eccezionale."
loc_char_oso_13_descr;"Non mi sentivo così bene da quando la mia gamba diventò insensibile e pensavo fosse ricoperta di formiche".
loc_char_oso_14_bio;"Da qualche parte nell'universo, il proprietario di un dispositivo interdimensionale Xplora si è dato davvero da fare.  Tale è l'aumento di potenza che ha trasmesso attraverso il multiverso che ha generato un Aleksei Rollan ultraevoluto, capace di raggiungere velocità mai viste prima. Un Aleksei Rollan ultraevoluto è una versione di Aleksei Rollan veloce come il vento, ma sarà davvero raro vederlo sui campi da gioco dell'intero multiverso. Pochissimi utenti sono in grado di inviare un così grande potenziamento delle prestazioni attraverso il multiverso. Ma un utente Xplora ce l'ha fatta, grazie ad un esercizio fisico davvero proficuo, e deve essere celebrato: grazie a lui gli spettatori possono ammirare un giocatore dalle qualità stratosferiche."
loc_char_oso_14_descr;"Se potessi togliermi la maschera, vedreste il volto di un giocatore incredibilmente potente".
loc_char_oso_15_bio;"Nato nei laboratori di Plantigrado, Ruslan è un clone perfezionato dal materiale genetico della grande leggenda che tutti gli ursidi plantigradiensi venerano: Yuri Gagarin. Un'unghia del primo cosmonauta è stata ritrovata nello Sputnik 2.2, l'astronave che colonizzò Plantigrado.  Gli scienziati hanno incubato queste cellule e gli hanno conferito un talento soprannaturale per giocare ad Aces of Multiverse. Un discendente di Yuri Gagarin non può che giocare che per gli Sputnik Bears... Ma questa regola vale solo per il Premiumverso Originale. Nell'universo F333 gioca in un team che rende omaggio alla persona che da cui è stato estrapolato il suo DNA, i Gagar Insanes. Nell'universo G333, gli Stati Uniti avevano superato l'URSS nella corsa allo spazio, e così Ruslan si chiama Tommy McCoy."
loc_char_oso_15_descr;"Ti eliminerò in nome di Gagarin!".
loc_char_oso_16_bio;"Un utente di un dispositivo interdimensionale Xplora ha compiuto il piccolo miracolo di migliorare ciò che era impossibile da migliorare. Grazie all'attività fisica, i cui effetti sono stati trasmessi attraverso il multiverso, Ruslan Antonov è riuscito ad evolversi, raggiungendo prestazioni sorprendenti. Ora è uno dei giocatori più veloci mai visti, ed molto più abile del Ruslan originale. Questa versione di Ruslan Antonov è più improbabile da avvistare di un cammello blu che passeggia lungo la cintura di Kuipper. L'intensità dell'attività fisica che l'utente mecenate Xplora ha compiuto deve essere stata enorme. Ora tutto il multiverso gli deve un grazie: possiamo ammirare un giocatore veloce quasi quanto la luce."
loc_char_oso_16_descr;"Con la mia nuova velocità, posso lasciare l'orbita di Plantigrado... e persino il mio universo".
loc_char_mutant_00_bio;"Ha mangiato uova in camicia infette da muchi radioattivi e il suo DNA lo ha trasformato in un cacatua umanoide. Ha un becco d'oro che usa per provocare i suoi avversari e gli piace pensare che, con lui in campo, la vittoria della squadra è a un solo uovo di distanza. Questo ibrido di cacatua e umanoide fa parte del team Radiostar Freaks del Premiumverso Originale, dove si gonfia come un tacchino per celebrare le sue vittorie. Ma nelle altre realtà parallele ha incontrato destini diversi. Nell'universo G595, il suo aspetto accattivante gli ha fatto guadagnare un posto nelle Toxic Cuties, la squadra di mutanti coccolosi. Come tragico contrappasso, nell'universo N2512, una realtà parallela in cui è sempre Natale, non si sa nulla di lui dall'ultima cena della vigilia di Natale. "
loc_char_mutant_00_descr;"Dopo l'uovo viene la gallina. E dopo la gallina, la vittoria".
loc_char_mutant_01_bio;"Trasformata in formica umanoide dai muchi radioattivi, Ahreaks gioca a centrocampo con una mentalità operaia e pensa al collettivo come se la squadra fosse il suo formicaio. Nella stragrande maggioranza delle realtà parallele, Ahreaks è stata rinchiusa in una gigantesca zuccheriera. Tuttavia, nel Premiumverso Originale ha messo le sue potenti mascelle al servizio dei Radiostar Freaks. Nell'universo D303 è tra le titolari delle Bizarre Sisters. Mentre in quello V384 forma un duo comico con Pavel Kirillovich, con grande successo di critica e di pubblico."
loc_char_mutant_01_descr;"Il singolo non è importante. Conta solo la squadra o il formicaio".
loc_char_mutant_02_bio;"I muchi radioattivi hanno modificato il suo DNA con geni di pipistrelli, oranghi e parrocchetti. Sembra bello e tenero, ma l'apparenza inganna.  È davvero irascibile ed è meglio non farlo arrabbiare. Il talento di questo gigante peloso rende comune trovarlo nelle squadre di molte realtà parallele. Nel Premiumverso Originale gioca nei Freaks Radiostar. In quello G595 non può che far parte dei Toxic Cuties, per il suo aspetto di incantevole animale di peluche. In quello K855, invece, è un virtuoso della fisarmonica cannibale."
loc_char_mutant_02_descr;"Tutti vogliono coccolarmi, fino a quando non si rendono conto che sto spezzando le loro ossa".
loc_char_mutant_03_bio;"Era solo un neonato quando ha contratto i muchi radioattivi, che hanno infettato il suo DNA trasformandolo in una creatura radioattiva e letale, con un cervello troppo sviluppato racchiuso nel corpo di un mutante bambino. Per questo piccoletto non è facile trovare una squadra nelle molteplici realtà parallele. Solo in quei casi in cui gli allenatori riescono ad andare oltre il suo aspetto ambiguo, è possibile godere delle sue grandi doti tecniche.  Fa parte dei Radiostar Freaks, ma anche, nell'universo di F494, fa parte di una squadra i cui membri condividono una caratteristica: tutti hanno il sapore di salmone affumicato (le loro partite contro gli orsi sono piuttosto violente)."
loc_char_mutant_03_descr;"Tutti i bambini sono belli...  Ma non tutti diventano mutanti radioattivi mortali come me".
loc_char_mutant_04_bio;"Si dice che provenga da una famiglia aristocratica, ma si è ammalata a causa dei muchi radioattivi ed è scappata via dalla vergogna dall'ambiente nobiliare di cui faceva parte. Per una mutante monorganica (con un solo organo, in questo caso un occhio, che acquisisce tutte le funzioni di un individuo) come Sedruol, le cose sono sempre semplici. Ha una perfetta visione del gioco e sembra anticipare i suoi avversari come fosse una veggente. Vedere per credere. È difficile trovare versioni alternative di Sedruol in quegli universi in cui il collirio non viene venduto in confezioni formato famiglia.  Questo non è il caso del Premiumverso Originale, in cui Sedruol milita tra le fila dei Radiostar Freaks supportando la causa dei mutanti.  In altre realtà parallele possiamo vederla giocare in diverse squadre, tra cui le Bizzarre Sisters e i Morpho Blobs. Nell'universo R984 sta scontando una condanna per aver lanciato della cispa contro un giocatore alieno che ha subito un trauma cranico."
loc_char_mutant_04_descr;"Fissarli è il male minore che infliggo ai miei avversari".
loc_char_mutant_05_bio;"Bymheads è un esempio di ciò che accade quando si espone il DNA alieno di diverse galassie a radiazioni virali. Una creatura immaginifica, le cui capacità e comportamento sono difficilmente prevedibili. Nell'80% delle realtà parallele, sta scontando una pena per diversi reati legati all'alterazione quantica della realtà per il proprio tornaconto.  Ma non tutte le versioni di questo ineffabile mutante sono disoneste. Nel Premiumverso Originale sono i Radiostar Freaks a beneficiare del suo gioco.  Nell'universo E384 fa parte dei Morpho Blobs, i mutanti più dismorfici. Nella F484, al contrario, ha vinto il titolo di Mr. Simpatia nel concorso di Mr. Universo."
loc_char_mutant_05_descr;"Mentre ti stai chiedendo cosa sono, ho già vinto la partita".
loc_char_mutant_06_bio;"Un supermammifero anarchico con geni radioattivi e un pessimo carattere. Scimpheak era un'abusiva a Leeds e ha usato i suoi gomiti e il collo lungo per scalare le vette di Aces of Multiverse. Oggi è uno dei capocannonieri. Tranne che nell'universo D484, in cui le giraffe possono essere cacciate indipendentemente da se il loro QI supera i 120 punti, tutte le versioni alternative di Scimpheak sono top player di Aces of Multiverse. Nel Multiverso Originale lascia la sua casa occupata solo per andare agli allenamenti con i Radiostar Freaks. In quello G232 è soffocata da una spina di capodoglio."
loc_char_mutant_06_descr;"Se solo osi alzare la testa per guardarmi in faccia ti sputerò in un occhio".
loc_char_mutant_07_bio;"Ha ricevuto un notevole incremento delle prestazioni grazie ad una trasmissione interdimensionale ed è pronto a farne vedere delle belle. Questa versione ""uoevoluta"" di Aivvlys è migliorata in forza e abilità, grazie all'attività fisica di un utente Xplora. Questa versione alternativa di Aivvlys è rara, ma esiste.  Affinché ciò avvenga, il proprietario di un dispositivo interdimensionale Xplora, in un mondo parallelo, ha dovuto compiere un notevole sforzo fisico.  Solo in questo modo una tale quantità di prestazioni è stata in grado di viaggiare lungo il multiverso portando vantaggi all'Aivvlys originale."
loc_char_mutant_07_descr;"Grazie alla maggiore forza e abilità, ora posso essere un gallo nel pollaio. Co-co-co-co-comincia lo spettacolo".
loc_char_mutant_08_bio;"Ahreaks ha ricevuto un'importante trasmissione quantica di prestazioni da un utente di un dispositivo interdimensionale Xplora, che lo ha fatto evolvere. La sua velocità è ancora maggiore ed è aumentata anche la sua abilità. La straordinaria velocità dell'Ahreaks originale è aumentata, rendendo questo Ahreaks evoluto uno dei giocatori più veloci di tutto il campionato. Ma in aggiunta, è migliorata anche la sua abilità. Ed è un qualcosa di davvero insolito. Solo un grande e intenso esercizio fisico praticato da un anonimo utente Xplora, in un universo diverso da quello dell'Ahreaks originale, è stato in grado di inviare una tale quantità di informazioni quantiche attraverso il multiverso, per far evolvere in questo modo le molecole di Ahreaks."
loc_char_mutant_08_descr;"Mi muovo più velocemente e ho un miglior controllo... mi merito proprio una bella zolletta di zucchero".
loc_char_mutant_09_bio;"Uqeols si evolve per ottenere un tiro migliore: le molecole delle sue cellule hanno assorbito le prestazioni di un misterioso utente di un dispositivo interdimensionale Xplora. Uqeols ci batteva grazie al suo aspetto coccoloso, Uqeols Evoluto invece ci batterà grazie a un tiro più preciso. Non è frequente vedere questo giocatore evoluto: per questo, una persona da un'altra realtà parallela ha dovuto praticare molta attività fisica e il suo dispositivo interdimensionale Xplora ha dovuto inviare tutte queste nuove prestazioni attraverso il multiverso."
loc_char_mutant_09_descr;"Mentre sei intento ad ammirare il mio bel pelo, sarai colpito da una pallonata in mezzo agli occhi".
loc_char_mutant_10_bio;"L'attività fisica svolta, in un altro universo, da un possessore di un dispositivo interdimensionale Xplora ha avuto effetti immediati su God, che si evolve. I frutti di quest'attività hanno attraversato il multiverso e potenziato il loro obiettivo. È strano vedere bambini così abili, ma vedere un God evoluto è ancora più strano. Per trovare questa versione alternativa del giocatore, un utente Xplora ha dovuto allenarsi nel suo mondo, e tutte le prestazioni sono state trasmesse dall'intreccio quantico all'universo del God originale.  Ora possiamo ammirare il suo gioco, proprio come sempre, ma con un tiro migliore."
loc_char_mutant_10_descr;"Gli altri neonati lanciano il cibo sul pavimento, io invece ora calcio il pallone con molta più precisione".
loc_char_mutant_11_bio;"Un utente anonimo proveniente da un universo lontano ha praticato abbastanza sport da inviare al Sedruol originale un buon aumento delle prestazioni: questo Sedruol evoluto ha tiro e abilità migliorati. Se trovi il suo sguardo inquietante, sarai sollevato nel sapere che gli avvistamenti di Sedruol evoluta sono rari e non la troverai sulla maggior parte dei campi da gioco. Se, d'altra parte, ammiri la sua eleganza e apprezzi i suoi miglioramenti nel tiro e nell'abilità, dovrai ringraziare quell'utente di un dispositivo interdimensionale Xplora che ha praticato sport per trasmettere le sue prestazioni attraverso il multiverso."
loc_char_mutant_11_descr;"Chi ha occhi per vedere, ammirino il modo in cui tiro e controllo la palla".
loc_char_mutant_12_bio;"La moltitudine di membra indescrivibili che compongono il corpo di Bymheads rappresentano una sfida per il cervello di qualsiasi essere vivente. Ora, grazie all'attività fisica praticata in un'altra dimensione da un utente Xplora, Bymheads si evolve e ottiene un tiro più preciso. Il Bymheads originale era già piuttosto raro, ma un Bymheads evoluto lo è ancora di più. La probabilità quantica che un dispositivo interdimensionale Xplora invii i benefici dell'esercizio fisico dell'utente a un Bymheads è piuttosto bassa. Tuttavia, può accadere e, in questo caso, è successo. Ora non resta che ammirare il suo nuovo e migliorato stile di gioco: altrettanto veloce, ma con migliori capacità di tiro."
loc_char_mutant_12_descr;"Coordinare tutte queste braccia per calciare il pallone non è facile, ragazzi, ma ora lo faccio molto meglio".
loc_char_mutant_13_bio;"Le bizze dell'intreccio quantistico hanno portato grandi benefici a Scimpheak, facendolo evolvere in tiro e abilità. L'utente Xplora che ha trasmesso queste prestazioni ha compiuto uno sforzo degno di nota. Vedere una giraffa muoversi alla velocità dello Scimpheak originale già è strano, ma vedere come uno Scimpheak evoluto calcia e controlla la palla è ancora più insolito. L'utente che ha trasmesso tutte quelle prestazioni attraverso il multiverso, grazie al suo dispositivo interdimensionale Xplora, ha dovuto svolgere un esercizio fisico intenso, il che è un bene per lui e, senza dubbio, anche per Scimpheak evoluto."
loc_char_mutant_13_descr;"Non solo tiro e controllo meglio la palla, ma mi è passato anche il torcicollo".
loc_char_mutant_14_bio;"Da qualche parte nel multiverso, un utente anonimo di un dispositivo interdimensionale Xplora ci ha dato dentro. L'esercizio fisico che ha fatto è stato intenso e ha trovato un ricevitore in questa realtà parallela. Ahreaks Ultraevoluto ha forza, tiro e abilità migliorati. Adesso non solo è uno dei giocatori più veloci, ma è anche migliorate in altre caratteristiche. Ma questa versione di Ahreaks è insolita come trovare una formica diabetica, quindi possiamo considerarci fortunati e grati all'utente Xplora che si è impegnato così duramente per consentire l'evoluzione di questo personaggio."
loc_char_mutant_14_descr;"Quando i bambini calpestano una formica, puoi dire loro: ti piacerebbe se Ahreaks Evo calpestasse te?".
loc_char_mutant_15_bio;"Nata nel pianeta Protozoolia, l'aspetto originario di Zapiram era quello di un qualsiasi amebomorfo: cioè, una cellula di 60 kg senza forma, un'ameba gigante. Dopo essere stata infettata dai muchi radioattivi, il suo DNA è stato infestato dai geni dell'homo sapiens e si è trasformata in umanoide, il che per lei non è stata affatto una bella scoperta.  Ora, ogni volta che si guarda allo specchio, le manca la sua scultorea e appiccicosa forma protozoitica, il che la riempie di rabbia prima di ogni partita. Questa stratosferica atleta continua ad essere un protozoo in molte realtà alternative. Possiamo considerare fortunati quegli universi in cui la sua mutazione umanoide l'ha portata a diventare una stella di Aces of Multiverse.  Se vivi nella giusta realtà parallela, potrai ammirare il suo gioco in squadre come le Bizarre Sisters."
loc_char_mutant_15_descr;"Già ho perso la mia forma originale. Non mi importa di perdere questa con i miei avversari".
loc_char_mutant_16_bio;"Una trasmissione interdimensionale delle prestazioni ha permesso l'evoluzione di questo potente giocatore. Zapiram evoluta ha aumentato la sua velocità fino a limiti inesplorati, oltre a migliorare le sue capacità di tiro. Il team che vede tra le sue fila Zapiram evoluta può considerarsi estremamente fortunato, perché la sua esistenza è altamente improbabile. L'intensità di esercizio fisico a cui un utente di un dispositivo interdimensionale Xplora ha dovuto sottoporsi per dare luogo a questa evoluzione è davvero lodevole. Quindi, congratulazioni campione, ovunque tu sia."
loc_char_mutant_16_descr;"Guarda con che velocità annichilerò le tue abilità sul campo".
loc_char_robot_00_bio;"Ha costruito il suo sistema di stampaggio con la scarpetta del primo avversario che umiliò sul campo da gioco. Alcuni ritengono addirittura che il piede di questo povero avversario sia ancora all'interno della scarpetta. L'unico modo per scoprire la verità è quello di smontarlo, però lui non te lo consentirà con facilità. Con o senza la scarpetta, la forma affusolata di questo robot lo rende estremamente adeguato per resistere a grandi pressioni, il che spiega perché si ritrova in molte realtà alternative a lavorare nelle miniere su giganti gassosi.  Tuttavia, nel Premiumverso Originale e in pochi altri fortunati multiversi, Summerstride pone la sua resistenza al servizio delle migliori squadre.  Lo troverai tra le fila degli Electro Killers, dei Robo Dancers e di altre squadre eterogenee. "
loc_char_robot_00_descr;"Rispondo ai comandi del seguente algoritmo: Rubami la palla e sentirai la mia scarpetta in faccia".
loc_char_robot_01_bio;"È orgoglioso di essere un robot ""autocostruitosi""... letteralmente!  È partito dall'essere un semplice mignolo robotico che raccoglieva gli scarti per sopravvivere. A poco a poco, con i pezzi di metallo in eccesso che ha conservato in una scatola di biscotti, si è costruito un intero corpo. Oggi è un top player, un esempio per tutti coloro che hanno appena iniziato e hanno bisogno di motivazione. Questo robot autocostruitosi non ha avuto la stessa fortuna in tutti i multiversi.  Nell'Universo Z842, una parte difettosa lo ha condannato a essere una scatola di biscotti per tutta la vita. Tuttavia, nel Premiumverso Originale tutti i suoi circuiti sono perfettamente cablati, formando un fantastico giocatore di Aces of the Multiverse, e lo stesso vale per l'universo R384, dove gioca per i Pseudochips Mix.  "
loc_char_robot_01_descr;"A tutti coloro che affermano che giocare ad Aces of Universe sia difficile, pensate sia meglio lavorare in una discarica di rifiuti elettronici?".
loc_char_robot_02_bio;"Progettato come Robbie9, su un pianeta proibito, e al servizio di un dottore pazzo intenzionato a rapire i figli di un famoso scienziato, ora che si è finalmente liberato ha ripudiato il suo nome da schiavo e tutto ciò che vuole fare è giocare ad Aces of Multiverse e sfuggire al suo oscuro passato. Il desiderio di libertà è così forte che il destino di Freesteam è praticamente identico in ogni realtà parallela: essere un giocatore di Aces of Multiverse. Questa missione cosmica ha fatto sì che Freestream parta titolare nelle formazioni degli Electro Killers, dei Robo Dancers e di molte altre squadre in vari universi. Solo in pochi universi, questo sognatore meccanico vive ancora come schiavo su un pianeta proibito, sognando continuamente libertà e vendetta."
loc_char_robot_02_descr;"Potranno pure aggiornare il mio software, ma non potranno mai prendersi la mia libertà".
loc_char_robot_03_bio;"È stato progettato per far detonare le armi nucleari in grado di distruggere interi pianeti, ma prima della liberazione dei robot i suoi circuiti letali sono stati rimossi. Ora gioca ad Aces of Multiverse durante il giorno e passa le notti a cercare di recuperare i suoi vecchi componenti, senza i quali si sente vuoto. Cosa farà quando li troverà? Beh, preferiamo non essere in quel posto del multiverso quando succederà. In diversi universi, nessuno sa esattamente quanti ma si suppone ne siano tanti, è riuscito a rimontare il suo detonatore nucleare quantico e a distruggere un pianeta, facendosi esplodere.  In tutte le altre realtà parallele, continua a lavorare sodo sui campi da gioco e a cercare i suoi componenti.  Solo nell'Universo Hippy H832 Snakegrain ha imparato che l'amore è più forte dell'odio. Ma bisogna tenerlo d'occhio."
loc_char_robot_03_descr;"Giocare contro di me è come una bomba".
loc_char_robot_04_bio;"Nei i suoi giorni da schiavo, il suo unico compito era quello di assicurarsi che il CEO della Third Kind Industries avesse sempre una scorta abbondante di carta igienica nel suo bagno. Dopo essere stato liberato, ha dovuto sottoporsi a una profonda pulizia del software (e della struttura) per credere in se stesso.  Ma ciò che in realtà gli ha fatto provare che la sua vita ha un senso è giocare ad Aces of Multiverse. I robot non hanno raggiunto una vera indipendenza in ogni universo, così in alcuni Ironthorn è ancora a pulire i bagni.  In altri conserva il suo istinto per la pulizia, e non è raro vederlo fermarsi in mezzo al campo per dare una lucidata alle natiche di un avversario. È di base un giocatore abile, e lo dimostra nel Premiumverso Originale tra le fila degli Electro Killers."
loc_char_robot_04_descr;"Ti serve un rotolo di carta igienica? Allora compratelo!".
loc_char_robot_05_bio;"Può un innovativo robot medicale specializzato in chirurgia ostetrica diventare un grintoso giocatore di Aces of Multiverse? Certo che sì! Dopo la liberazione dei robot, questo androide ha trasformato le sue amorevoli pinze, originariamente progettate per accarezzare i neonati, in due armi mortali in grado di fare a pezzi i suoi avversari. Le versioni alternative di questo robot che giocano ad Aces of Multiverse hanno avuto molto più successo di quelle che continuano a praticare l'ostetricia in altre realtà parallele.  Con gli Electro Killers, ha aiutato una spettatrice a partorire dopo che le si sono rotte le acque durante la partita, e subito dopo ha segnato quattro gol. Puoi anche trovarlo a difendere i colori degli Pseudochips Mix e di altre squadre. "
loc_char_robot_05_descr;"Le mie pinze ti accarezzeranno fino ad arrivare alle tue ossa".
loc_char_robot_06_bio;"Ha vissuto in un magazzino durante i suoi anni di schiavitù perché il suo sistema operativo non ha mai goduto del successo commerciale dei suoi concorrenti e nessuno lo aveva acquistato.  Diventato libero andò alla ricerca del destino della sua vita, che non tardò a trovare: giocare ad Aces of Multiverse. Essere rinchiuso in una scatola non è un destino accettabile per qualsiasi essere cosciente, così Distantglade fuggì dalla sua prigione praticamente in ogni realtà parallela e continuando a dimostrare il suo eccezionale talento in Aces of the Multiverse. Solo nell'Universo X484 rimane all'interno della sua scatola, perché è diventato agorafobico."
loc_char_robot_06_descr;"Non mi piacciono le persone senza metallo al loro interno. Ecco perché le riempio di piombo".
loc_char_robot_07_bio;"Summerstride si è evoluto dopo aver ricevuto una trasmissione di potenziamento dall'altra parte del multiverso. Il miglioramento più evidente è nella sua velocità, il doppio di quella di un Summerstride originale. L'utente di Xplora che ha reso possibile questa evoluzione sicuramente si è dato molto da fare. Questa versione alternativa evoluta di Summerstride, con la sua incredibile velocità e abilità, è rara. Chiunque abbia inviato tale spinta alle prestazioni cross-dimensionali deve aver sudato sette camicie e siamo tutti grati all'utente Xplora che ha lavorato sodo."
loc_char_robot_07_descr;"E di colpo comincio a pensare che mio padre era un proiettile".
loc_char_robot_08_bio;"Grazie ad un utente di un dispositivo interdimensionale Xplora che ci ha dato davvero dentro, Havenscream si è evoluto in modo sostanziale. Ora è quasi il doppio più veloce dell'originale, e con migliorati abilità. Per rendere possibile questa versione evoluta di Havenscream, un anonimo proprietario di un dispositivo interdimensionale Xplora si deve essere allenato a lungo e duramente, è l'unica spiegazione per l'incredibile aumento di velocità e abilità di questo giocatore.  Ecco perché è così difficile trovare un Havenscream evoluto in qualsiasi parte del multiverso."
loc_char_robot_08_descr;"Se fossi stato così veloce quando ero giovane, sarei stato felice".
loc_char_robot_09_bio;"Freesteam si è evoluto, guadagnando velocità e abilità. Ha sfruttato una trasmissione che migliora le prestazioni da un'altra realtà parallela, grazie ai dispositivi interdimensionali Xplora e all'esercizio fisico di un utente anonimo. Per quanto possa sembrare strano, lavorare sodo in un angolo remoto del multiverso può migliorare le capacità di gioco di un robot in una realtà parallela. È successo a Freesteam Evo, ma non è frequente. Se non fosse stato per l'utente Xplora che si è allenato e ha trasmesso i benefici attraverso un dispositivo interdimensionale, Freesteam Evo non esisterebbe."
loc_char_robot_09_descr;"Se potere è libertà, ora mi sento più libero che mai".
loc_char_robot_10_bio;"L'intreccio quantico ha associato le molecole dei circuiti di Snakegrain con le cellule di un utente di un dispositivo interdimensionale Xplora, e come risultato questo piccolo robot si è evoluto in uno dei robot più veloci mai visti. Se le sue intenzioni ti sembrano inquietanti, non preoccuparti: raramente lo incontrerai in qualsiasi parte del multiverso. Per creare questa versione evoluta ed estremamente veloce di Snakegrain, un utente Xplora deve essersi impegnato in un allenamento molto intenso, prima di trasmettere i benefici attraverso il multiverso. Ora che Snakegrain evoluto è qui, proveremo a goderci le sue abilità di gioco e a trascurare il suo obiettivo personale di distruggere l'universo."
loc_char_robot_10_descr;"Ora posso muovermi molto più velocemente. Ma correrò così veloce quando il mio dispositivo termonucleare esploderà?".
loc_char_robot_11_bio;"Questa volta, l'intreccio quantistico interdimensionale ha arriso a Ironthorne, la cui evoluzione più rilevante è la sua maggiore velocità. Ha ricevuto una trasmissione di potenziamento delle prestazioni inviata attraverso il multiverso da una realtà sconosciuta, dove un utente di un dispositivo Xplora si stava allenando. Questa versione evoluta di Ironthorne non è comune. È difficile avvistarlo in qualsiasi parte nota del multiverso. Tuttavia, raro non significa impossibile. Qualcuno che utilizza un dispositivo interdimensionale Xplora lo ha creato condividendo i benefici dell'esercizio fisico. Ed eccolo qui, pronto a far divertire tutti. "
loc_char_robot_11_descr;"Se devo rompere, spero sia dovuto ai miei circuiti che si sono fusi a causa della mia velocità".
loc_char_robot_12_bio;"Leafreaper presenta la sua nuova versione evoluta dopo aver ricevuto un importante miglioramento delle prestazioni da un utente Xplora che si è esercitato da qualche parte nel multiverso. Ciò che più risalta della nuova versione è la maggiore velocità. Leafreaper Evo è un giocatore non comune, raramente ammirato in qualsiasi campo da gioco.  Eppure una persona con un dispositivo interdimensionale Xplora e la determinazione ad allenarsi duramente, lo ha reso possibile. Ora possiamo goderci le sue eccellenti qualità metalliche a velocità senza precedenti."
loc_char_robot_12_descr;"La mia nuova velocità è pari alla superficie del campo di gioco diviso per il tempo minimo che impiego per fare un goal".
loc_char_robot_13_bio;"L'intenso esercizio fisico di un utente di un dispositivo interdimensionale Xplora ha avuto un impatto sull'altro lato del multiverso. Distantglade ha ricevuto una trasmissione che ne ha migliorato le prestazioni e si è evoluto, guadagnando soprattutto in velocità. Affinché questo Distantglade possa essersi manifestato, il proprietario di un dispositivo interdimensionale Xplora ha dovuto sudare come non mai prima di inviare con successo tutti i benefici di quell'allenamento in un'altra dimensione. Distantglade evoluto è un giocatore non comune, i cui avvistamenti sono rari, siamo quindi fortunati di trovarlo qui."
loc_char_robot_13_descr;"Non so ancora quale fosse la mia funzione originale, ma sono sicuro che ora potrei farla più velocemente".
loc_char_robot_14_bio;"Un dispositivo interdimensionale Xplora ha appena inviato a Freesteam una massiccia trasmissione che ne ha migliorato le prestazioni, aumentandone drasticamente la sua velocità e le sue capacità di tiro. Questa versione evoluta di Freesteam è molto rara, quindi siamo fortunati ad averla tra noi. E dobbiamo questo onore all'utente di Xplora che si è allenato così tanto da rendere questa condizione quantica una realtà dall'altra parte del multiverso."
loc_char_robot_14_descr;"Se ti trovi alla mia destra, sono in grado di lanciare una pietra alla mia sinistra così forte che girerà intorno a questo pianeta e ti colpirà dritto in testa".
loc_char_robot_15_bio;"Stanco di guardare gli esseri umani utilizzare pezzi robotici per migliorare i loro corpi (diventando dei cyborg), è stato il primo robot a fare il contrario: potenziare il suo hardware con organi umani. Dotato di polmoni per ottimizzare l'espulsione dei gas, una ghiandola pituitaria per rilevare le molecole e un intestino crasso per far sentire ai suoi avversari degli odori nauseabondi, questo androide è il primo roborg mai creato. È difficile trovare questo campione della robotica in quasi tutte le realtà alternative, perché l'impianto di materia organica nei robot è molto più complesso dal punto di vista tecnologico rispetto all'innesto di parti robotiche negli esseri umani. Se mai avrai la possibilità di vederlo giocare con squadre come gli Pseudochips Mix nell'Universo R384 o i Robo Dancers in quello B848, sarai spazzato via."
loc_char_robot_15_descr;"Ho un lato tenero, ma non è quello che userò per schiacciarti".
loc_char_robot_16_bio;"Questo potente campione della razza robotica ha ricevuto una significativa trasmissione di potenziamento che ne ha migliorato le prestazioni, e come risultato si è evoluto in uno dei giocatori più veloci del torneo. Vedere un Downjumper originale è raro, ma incontrare un Downjumper evoluto è come trovare un bullone in un pagliaio. Il proprietario di un dispositivo interdimensionale Xplora si è dovuto impegnare davvero molto per aver reso reale questo giocatore.  Ora possiamo ammirare la maggiore velocità di questo incredibile atleta."
loc_char_robot_16_descr;"Il mio lato umano si sente bene, quella robotica elabora meglio".
loc_char_martian_00_bio;
loc_char_martian_00_descr;
loc_char_martian_01_bio;
loc_char_martian_01_descr;
loc_char_martian_02_bio;
loc_char_martian_02_descr;
loc_char_martian_03_bio;
loc_char_martian_03_descr;
loc_char_martian_04_bio;
loc_char_martian_04_descr;
loc_char_martian_05_bio;
loc_char_martian_05_descr;
loc_char_martian_06_bio;
loc_char_martian_06_descr;
loc_char_martian_07_bio;
loc_char_martian_07_descr;
loc_char_martian_08_bio;
loc_char_martian_08_descr;
loc_char_martian_09_bio;
loc_char_martian_09_descr;
loc_char_martian_10_bio;
loc_char_martian_11_descr;
loc_char_martian_12_bio;
loc_char_martian_12_descr;
loc_char_martian_13_bio;
loc_char_martian_13_descr;
loc_char_martian_14_bio;
loc_char_martian_14_descr;
loc_char_martian_15_bio;
loc_char_martian_15_descr;
loc_char_martian_16_bio;
loc_char_martian_16_descr;
loc_char_pr_00_bio;E se in un universo parallelo il personaggio di Alice nel Paese delle meraviglie fosse vero? O meglio... quasi vero. Perché questa Alice ha catturato il bianconiglio, rubato il cilindro al cappellaio matto, tagliato la testa della regina ed è tornata con una voglia irrefrenabile di dare del filo da torcere in una squadra di Aces of the Multiverse.
loc_char_pr_00_descr;«Non raccontatemi storie».
loc_char_pr_01_bio;In altri universi le nonnine fanno la calza. In quello di Nancy Neutrino, invece, le nonne disegnano jetpack supersonici. La sua si è portata nella tomba il segreto dello zaino a reazione quantica, che può fare di chiunque la prima persona a viaggiare più veloce della luce... Il problema è che, come tutto ciò che è quantico, dipende dal caso. Nancy Neutrino non sa quando entrerà in azione il suo jetpack, perciò non se lo toglie mai. In attesa che quel giorno di gloria arrivi, gioca ad Aces of the Multiverse.
loc_char_pr_01_descr;«Giocare ad Aces of the Multiverse non è così difficile... a meno che non giochi contro di me».
loc_char_pr_02_bio;Non farti ingannare dal suo aspetto di ragazza delicata. Flower è cresciuta in un enorme universo floreale. Bellissimo, sì... tralasciando le atmosfere soffocanti – ricche di CO2 e scarse di ossigeno –, gli evolutissimi insetti giganti – velenosi e mortali – o le tempeste di polline tossico letale. Flower ha imparato a giocare ad Aces of the Multiverse per uscire dalla sua realtà parallela e portare via da lì tutti i suoi fratelli. Ecco perché gioca così: è questione di vita o di morte.
loc_char_pr_02_descr;«Se sei uno di quelli che si ferma a sentire il profumo dei fiori, non sentirai l’odore della vittoria».
loc_char_pr_03_bio;Discendente di una lunga saga di supercriminali, la vita di Rosalievil Dark ha preso una svolta quando suo padre è stato arrestato pochi secondi prima che riuscisse a distruggere tutti gli universi possibili in un solo colpo. Ora Rosalievil è l’ultima Dark in libertà e, dati i suoi geni, le guardie di sicurezza di Third Kind non le tolgono lo sguardo di dosso. L’unico spazio dove può dimenticare la sua sete di male è il campo da gioco.
loc_char_pr_03_descr;«Mi sveglio presto solo per una buona ragione: distruggere l’universo».
loc_char_pr_04_bio;Abitha è bella. Bellissima. Così bella da far letteralmente impazzire qualsiasi persona si fermi a guardarla. Per questo si fa mostra solo ai suoi più acerrimi nemici. Il resto del tempo indossa la sua maschera da coniglio – come un lupo travestito da agnellino – in omaggio alla sua giocatrice preferita, Juani Bunny.
loc_char_pr_04_descr;«La bellezza di distruggerà prima che tu possa distruggere lei».
loc_char_pr_05_bio;I libri possono trasformarti in una giocatrice d’élite? Sì, se hai un cervello geneticamente potenziato come quello di Messalina Leonidas. Le sue letture come L’arte della guerra, Diventa una star di Aces of the Multiverse in 10 passi o Conversazioni con Zapiram hanno facilitato la conversione dei dati in movimenti, tattiche e tecniche nella sua testolina privilegiata.
loc_char_pr_05_descr;«Posso leggerti il futuro: è scritto in un libro che parla di sconfitta».
loc_char_pr_06_bio;Il potere del sentimento profondo – capace di squarciare i cuori in due e far ululare il vento nelle viscere – si manifesta in Emily in un modo peculiare: più emozione prova, più energia accumula nelle sue cellule, diventando una migliore giocatrice di Aces of the Mutiverse. Se vuoi sconfiggerla, dunque, non farla piangere.
loc_char_pr_06_descr;«Senti la pioggia che batte sui vetri? È la tristezza che mi assale quando penso che dovrò annientarti»
loc_char_pr_07_bio;Intrecciando l’universo di un misterioso utente con quello di Alice, attraverso un dispositivo Xplora interdimensionale, la giocatrice è diventata improvvisamente più forte. L’utente anonimo responsabile del suo potenziamento ha di certo praticato una buona dose di attività fisica estenuante.
loc_char_pr_07_descr;«L’ultimo biscotto che mi sono mangiata correndo dietro al bianconiglio mi ha resa più forte»
loc_char_pr_08_bio;Sembra incredibile che una creaturina minuta come Nancy Neutrino sia stata improvvisamente in grado di aumentare la sua forza in questo modo. Dietro c’è un utente anonimo di un dispositivo Xplora interdimensionale, che a forza di allenarsi fisicamente ha provocato un groviglio quantico. Quanto più seriamente questi utenti prendono lo sport, tanto migliori saranno le prestazioni dei nostri giocatori.
loc_char_pr_08_descr;«Sento che ora lo zaino mi pesa di meno»
loc_char_pr_09_bio;Flower si è evoluta dopo aver ricevuto un aumento di prestazioni tramite un dispositivo Xplora interdimensionale. Il progresso più visibile è nel suo tiro, che la rende una giocatrice temibilissima. L’utente Xplora che ha raggiunto questa evoluzione ha fatto un ottimo lavoro.
loc_char_pr_09_descr;«Non ti manderò più fiori, ma bombe»
loc_char_pr_10_bio;Rosalievil si è evoluta, guadagnando resistenza e abilità. Tutto grazie alla confluenza dei dispositivi Xplora interdimensionali con l’allenamento di un utente. Questo ha reso possibile la trasmissione di prestazioni tra multiversi, che ha potenziato notevolmente questa giocatrice.
loc_char_pr_10_descr;«Mi sento più abile e resistente... così posso prolungare di varie ore la mia malvagità».
loc_char_pr_11_bio;Abitah ha ricevuto una considerevole trasmissione quantica delle prestazioni (per poco non le cade la maschera). È stato un utente di un dispositivo interdimensionale Xplora ad aver fatto evolvere la giocatrice grazie alla propria attività fisica. Grazie all’aumento della resistenza e della vitalità, è diventata un osso davvero duro.
loc_char_pr_11_descr;«Dicono che bellezza faccia rima con fragilità, ma io non mi faccio annientare nemmeno da un’esplosione di raggi gamma».
loc_char_pr_12_bio;L’aleatorietà delle combinazioni quantiche ha regalato enormi vantaggi a Messalina. Ora il suo tiro e la sua forza sono più potenti. L’utente Xplora che ha trasmesso queste prestazioni ha compiuto uno sforzo degno di nota.
loc_char_pr_12_descr;«Smettila di dire che il destino è già scritto... Vuoi vedere che te lo cambio con una pallonata?»
loc_char_pr_13_bio;Un anonimo utente di un universo lontano si è allenato molto intensamente. Così tanto da inviare all’Emily Emo Lee originale un buon miglioramento di prestazioni, soprattutto in termini di velocità e resistenza.
loc_char_pr_13_descr;«Ciò che (quasi) ti uccide per l’emozione, ti fortifica molto di più».
loc_char_pr_14_bio;Una trasmissione delle prestazioni attraverso il multiverso ha cambiato molte cose nella vita di Nancy Neutrino. Il controllo delle particelle quantiche, di cui aveva bisogno per far funzionare il jetpack a suo piacimento, è finalmente una realtà. E non solo: ora le sue caratteristiche sono tra le più potenti del torneo. Il tutto grazie alle ore di attività fisica accumulate dall’utente di un dispositivo interdimensionale Xplora.
loc_char_pr_14_descr;«Ora che quest’aggeggio funziona, vi faremo vedere chi siamo».
loc_char_pr_15_bio;Juani proviene da un universo sovraffollato di conigli della fortuna, in cui devi mostrare quanto vali veramente per distinguerti tra tanti magici abitanti. Juani ha dimostrato la sua speciale fortuna giocando all’Aces clandestino, in zone industriali e parcheggi delle discoteche. Ben presto, gli organizzatori del campionato Aces of the Multiverse League si sono accorti di lei, offrendole la possibilità di capitanare le squadre. Ma essere sfuggente è nei geni di ogni coniglio fortunato . Quindi, se riesci ad averla nella tua squadra, potrai considerarti fortunato.
loc_char_pr_15_descr;«Con i miei incisivi posso spezzare il tuo incantesimo fortunato».
loc_char_pr_16_bio;Le disgrazie non arrivano mai sole, e lo stesso vale per la fortuna. Una trasmissione interdimensionale delle prestazioni ha permesso l’evoluzione di questa potente giocatrice. Juani “Lucky” Bunny ha ottenuto la strana capacità speciale di modificare le sorti di tutti i giocatori in campo. E tutto grazie all’ignaro utente di un dispositivo interdimensionale Xplora che si stava tranquillamente allenando nella sua realtà parallela.
loc_char_pr_16_descr;«Abbiamo avuto fortuna, è arrivato il momento di fare un salto avanti».
loc_eq_00_name;Electric Protection
loc_eq_00_info;La Third Kind Industries ha trovato questi dispositivi nei viaggi nell'universo di John Jacob Astor IV, descritto nel romanzo A Journey in Other Worlds. L'azienda li ha immediatamente brevettati per distribuirli in tutte le realtà del multiverso in cui si gioca ad Aces of Multiverse.
loc_eq_00_descr;"Un perimetro difensivo elettrificato in modo che coloro che vogliono attaccarti ci pensino due volte prima di colpirti. FORZA +2 ""Grazie alla protezione elettrica, più colpi ricevo, più mi sento forte"". Moustakim Vitailevich"
loc_eq_01_name;Bio Energy
loc_eq_01_info;Dalla sua invenzione nell'universo di Johnathan Swift, come descritto ne I viaggi di Gulliver, è stata utilizzata per soddisfare il fabbisogno energetico di diverse popolazioni. I tecnici dell'ingegneria sportiva l'hanno adattata per migliorare le prestazioni dei giocatori in campo. 
loc_eq_01_descr;"Un farmaco che estrae energia dal microbiota dell'organismo per ottenere una potenza inimmaginabile. FORZA +2 ""Dicono che siamo fatti al 90% di acqua, ma con la bioenergia siamo fatti al 90% di bevanda energetica"". Aivlys"
loc_eq_02_name;Wind Power Generation
loc_eq_02_info;Questo è un altro dispositivo di cui la Third Kind Industries si è appropriata nei suoi viaggi nella dimensione di John Jacob Astor IV, descritta nel suo romanzo A Journey in Other Worlds. Gli ingegneri sportivi del Premiumverso Originale lo hanno adattato per il gioco.
loc_eq_02_descr;"Dirige le correnti d'aria per calciare la palla. TIRO +2 ""È proprio vero che una fonte eolica è molto più efficace dei fagioli radioattivi in scatola"". Uqeols"
loc_eq_03_name;Nexus 6 brain Unity
loc_eq_03_info;Attingendo dalla realtà alternativa dell'universo N232, dove si materializzano tutte le invenzioni di Philip K. Dick, le spie industriali interdimensionali sono riuscite a mettere le mani sui progetti della struttura organica di questo cervello replicante descritto nel romanzo Il cacciatore di androidi
loc_eq_03_descr;"Il cervello di un replicante per aumentare l'efficienza neurale. ABILITÀ +2 ""Come diciamo noi robot: per alcune cose hai bisogno di un cervello, che sia elettronico o spugnoso"". Freesteam"
loc_eq_04_name;Magnetic eyes
loc_eq_04_info;Si tratta di un'altra invenzione dell'ingegneria civile che è stata adattata per Aces of Multiverse per migliorare le prestazioni dei giocatori. Il progetto è ispirato all'universo di John Jacob Astor IV, come descritto in A Journey in Other Worlds.
loc_eq_04_descr;"Innesti oculari cibernetici che consentono di vedere ben oltre lo spettro visibile della luce. FORZA +2 ""Guardami negli occhi, gli dissi. E la cosa successiva che vide fu me segnare una rete nella sua porta"".  C'thalnig"
loc_eq_05_name;Neural Lace
loc_eq_05_info;Le spie industriali interdimensionali hanno rubato questo dispositivo dalla dimensione abitata da Iain M. Banks, descritta nel romanzo Surface Detail. Hanno immediatamente confermato la sua capacità di migliorare le prestazioni in campo. 
loc_eq_05_descr;"Innesto cerebrale nano che intensifica le connessioni neurali e migliora le abilità di chi lo indossa. ABILITÀ +2 ""È molto utile, e quando lo indossi in testa, ti prude solo un po'... No, aspetta... ho prurito perché ho le pulci"". Aleksei Rollan"
loc_eq_06_name;Acceleration Shell
loc_eq_06_info;L'universo di Joe Haldeman ha fornito questa incredibile invenzione per i viaggiatori interdimensionali, che l'hanno scoperta nel romanzo Guerra eterna.  Dopo averlo portato nel Premiumverso Originale, la Third Kind Industries lo ha adattato per le caratteristiche del gioco.
loc_eq_06_descr;"Tuta a capsula che riduce l'attrazione gravitazionale e permette a chi la indossa di muoversi più velocemente. VELOCITÀ +2 ""In campo, non hai certo bisogno di una tuta che ti renda più attraente. anzi, esattamente il contrario"". Zapiram"
loc_eq_07_name;Steel Tentacle
loc_eq_07_info;I viaggiatori interdimensionali visitano di continuo l'universo di H.G. Wells alla ricerca di idee affascinanti da adattare alle diverse realtà parallele. Un dispositivo tanto semplice come un tentacolo d'acciaio, descritto in La guerra dei mondi, è diventato un oggetto prezioso per i giocatori di Aces of Multiverse.
loc_eq_07_descr;"Arto autonomo rinforzato che protegge dagli attacchi nemici. FORZA +2 ""Non ho mai avuto la possibilità di usarlo, ma uno dei miei avversari sì, e ora ho tre denti in meno"". Ursula Cornelia Oakley"
loc_eq_08_name;Space sick
loc_eq_08_info;Fu nell'universo di Hugo Gernsback, in particolare in quello descritto nel romanzo Ralph 124c 41+, che i bioingegneri delle industrie Third Kind si imbatterono nel concetto di malattia spaziale e iniziarono a sviluppare, non una cura, ma un dispositivo per causarla. Dopo aver brevettato il dispositivo, qualcuno ebbe avuto la brillante idea di utilizzarlo negli stadi di Aces of Multiverse.
loc_eq_08_descr;"Nano particelle balistiche nano particelle scagliate contro i centri nervosi dei tuoi avversari ogni volta che li colpisci. Aumenta la possibilità di ferirli o stordirli. ""Nanotecnologia applicata allo sport? A volte dalle cose più piccole si ricava il massimo"". Bethany Mary Champ"
loc_eq_09_name;Gyro Hat
loc_eq_09_info;Un intero trattato (An Experiment in Gyro-Hats) è stato dedicato a questo dispositivo nativo della realtà alternativa di Ellis Parker Butler. Un'invenzione tanto dettagliata è stata una vera tentazione per le spie industriali interdimensionali, che non hanno esitato a rubare i progetti e copiarli per utilizzarlo nel Premiumverso Originale.
loc_eq_09_descr;"Un cappello che funziona a riflesso inverso: più fissi i nemici, più aumentano le tue abilità. ABILITÀ +2 ""Mi tolgo il cappello dinanzi a chi ha inventato questo oggetto. Beh, non in senso letterale, ma ci siamo intesi..."" Leafreaper"
loc_eq_10_name;Magenitized Boots
loc_eq_10_info;Si tratta di un dispositivo classico in tutte le realtà alternative ma, come sanno gli ingegneri delle industrie Third Kind, il miglior progetto si trova nell'universo descritto nel romanzo Salvage in Space, corrispondente all'universo di Jack Williamson
loc_eq_10_descr;"Realizzati in metallonio arricchito, questi stivali danno a chi li indossa forza e abilità extra, ma il peso diminuisce altre abilità. FORZA +2 ABILITÀ +2 TIRO -2 VELOCITÀ -2 ""Come diceva Nancy Sinatra, questi stivali cammineranno sopra di te"". Sedruol"
loc_eq_11_name;Impact Suit
loc_eq_11_info;Progettata nella dimensione di David Gerrold e descritta nel romanzo The Flying Sorcerers, questa tuta è stata trovata dalle spie industriali interdimensionali quasi per caso.
loc_eq_11_descr;"Il tessuto in seta aracnostellare aumenta la forza di chi la indossa ma ostacola alcuni movimenti. FORZA +3 TIRO -1 ABILITÀ -1 ""Le buone giocatrici di Aces of Multiverse sanno anche come vestirsi per fare colpo"". Rhoda Julia Fisher"
loc_eq_12_name;Heavy Impactor
loc_eq_12_info;Nonostante le frequenti attività di spionaggio industriale interdimensionale, le industrie Third Kind gestiscono una piccola divisione di R&S dove, molto di rado, vengono sviluppate innovazioni interne.  Un esempio è rappresentato da questa lozione chimica, progettata per moltiplicare le prestazioni dei giocatori di Aces of Multiverse.
loc_eq_12_descr;"Lozione per il corpo con nano principi attivi che rinvigoriscono le fibre muscolari, aumentando la forza di chi la usa e le possibilità di ferire o eliminare l'avversario. FORZA +2 ""Non usarlo mai con il deodorante. Finirai dritto nello studio di un dermatologo con una pelle completamente fluorescente"". God"
loc_eq_13_name;Dimensoscope
loc_eq_13_info;Le spie industriali di Third Kind erano davvero desiderose di mettere le mani su questo dispositivo. Dopo molti viaggi interdimensionali, hanno finalmente trovato un progetto funzionale nel romanzo The Fifth Dimension Catapult, nell'universo di Murray Leinster. 
loc_eq_13_descr;"Permette a chi lo usa di vedere in più di tre dimensioni, migliorando il tiro e l'abilità ma con ripercussioni su altre abilità. TIRO +2 ABILITÀ +2 VELOCITÀ -3 «Questo dispositivo? È per vederti meglio... come ha detto il lupo a Cappuccetto Rosso». Kirill Georgy"
loc_eq_14_name;Weightlessness
loc_eq_14_info;L'universo di Verne è uno dei più esplorati dalle spie industriali interdimensionali grazie alle straordinarie invenzioni che di solito vi si trovano.  Ad esempio, il romanzo Dalla Terra alla Luna li ha dotati del concetto di leggerezza, che li ha ispirati a sviluppare questo dispositivo e ad adattarlo ai campi da gioco.
loc_eq_14_descr;"Emette antigravitoni che riducono il peso dei giocatori di entrambe le squadre, riducendo anche i danni causati dagli impatti e aumentandone la velocità. VELOCITÀ +2 IMPATTI -2 (per entrambe le squadre) ""Chi non ha mai infranto la legge nella vita? Vale anche se si tratta della legge di gravità?"" Kag'fhtagn"
loc_eq_15_name;Null suit
loc_eq_15_info;I piccoli generatori che rendono possibile questa invenzione sono ispirati a quelli descritti nel romanzo Linea calda Ophiucus, all'interno dell'universo di John Varley.  Adattarli al gioco è estremamente complesso e richiede anni di sincronizzazione, per questo motivo questa potente apparecchiatura non è comune.
loc_eq_15_descr;"Tuta per l'intreccio quantico che accoppia le tue particelle con quelle di chi ti attacca, il quale riceverà la forza del proprio impatto. ""Fa ribaltare la situazione, e si scaglierà contro di te con l'impeto di uno schiaffo"".  R'ly'shogg"
loc_ev_00_name;Counter Machine
loc_ev_00_info;È risaputo che gli ingegneri della Third Kind sono inventori molto scadenti ma sono molto abili a copiare. La loro invidiabile abilità nell'assimilare le tecnologie sviluppate da altri è evidente come non mai in questo dispositivo progettato per eliminare gli effetti delle apparecchiature concorrenti: comprendere le invenzioni altrui per distruggerne gli effetti incarna l'intera filosofia delle industrie Third Kind.
loc_ev_00_descr;"Produce un impulso elettromagnetico che consuma immediatamente la durata di un'abilità della squadra rivale. ""Bimbi, è giunto il momento di spegnere la luce e di andare a dormire"" Bymheads"
loc_ev_01_name;Gravity belt
loc_ev_01_info;Una tecnologia progettata per facilitare le spedizioni nello spazio, come descritto in Venus Mines, appartenente all'universo di Nat Schachner, è stata invertita dagli ingegneri del Premiumverso Originale per causare l'effetto opposto su coloro che entrano nel raggio d'azione della cintura. 
loc_ev_01_descr;"Chiunque tocca chi la indossa proverà all'istante l'influenza dell'antigravità. «Grazie a questa cintura, se ti avvicini a me, botto, zoom, vai dritto sulla Luna» Yaroslav Yilinch"
loc_ev_02_name;Air Barriers
loc_ev_02_info;Si tratta di un sistema ispirato alle coperte d'aria dell'universo di Henry Kuttner, descritto in Hollywood on the Moon. Originariamente progettate per proteggere i viaggiatori interplanetari dalle radiazioni spaziali, nella versione interdimensionale la densità dell'aria è ancora più spessa, rendendo molto più difficile per i giocatori avversari attraversarla. 
loc_ev_02_descr;"Schermi di aria iperdensa che ostacolano l'arrivo alla tua porta. «Se i tuoi avversari vogliono raggiungere la tua porta respireranno un bel po' d'aria». Summerstride"
loc_ev_03_name;Suspended Animation System
loc_ev_03_info;L'idea alla base di questo dispositivo, preso in prestito dall'universo di Edward Page Mitchell, come descritto in The Senator's Daughter, era di andare in ibernazione volontaria per sospendere il tempo per diversi motivi (viaggi nello spazio, superare una situazione difficile, ecc.). Gli ingegneri del Premiumverso Originale hanno invertito i suoi risultati in modo che stimoli ancora l'ibernazione, ma non più volontaria. 
loc_ev_03_descr;"Cocktail farmacologico che rallenta il metabolismo dei tuoi avversari, riducendo la loro velocità del 10% per ogni dose.""Ho visto lumache più veloci e nessuno è riuscito a togliermi la palla"". Ahreaks"
loc_ev_04_name;Telepomp
loc_ev_04_info;Questo è un altro dispositivo dell'universo di Edward Page Mitchell, descritto nel suo romanzo The Man Without a Body. Concepita per teletrasportare ogni tipo di materia per qualsiasi scopo, è stata adattata per accelerare i movimenti dei giocatori. 
loc_ev_04_descr;"Teletrasportatore di materia utile per inviare i tuoi avversari dall'altra parte del campo. ""Quando utilizzo questo dispositivo, dico sempre ai miei avversari: Non andate troppo lontano, non abbiamo ancora finito di giocare"". Scimpheak"
loc_ev_05_name;Big Push (linnear accelerator)
loc_ev_05_info;L'ingegneria aerospaziale interdimensionale ha spesso beneficiato dello spionaggio industriale in cui è maestra la Third Kind. Un esempio è questo acceleratore spaziale interstellare, ispirato all'universo di Larry Niven come descritto nel suo Limits. È stato a lungo utilizzato nel settore del trasporto galattico e ora sono stati costruiti dei microdispositivi che possono essere applicati ai giocatori di Aces of Multiverse. 
loc_ev_05_descr;"Acceleratore lineare di materia che abbatterà il primo avversario contro il quale impatta in linea retta, applicando FORZA +10. ""A tutti noi piace una piccola spinta. Soprattutto, se la dai al tuo avversario e lo mandi lontano"". Ironthorn"
loc_ev_06_name;Disruptor Bomb
loc_ev_06_info;Il meccanismo originale che ha ispirato questo dispositivo dall'universo di Robert Silverberg, come narrato in La città-labirinto, ha causato effetti molto più drastici, compresa la disintegrazione molecolare della materia. Gli ingegneri sono riusciti a ridurne l'intensità e a trasformarla in un'arma stordente. 
loc_ev_06_descr;"Genera un'onda d'urto stordente che riduce notevolmente l'agilità e l'abilità di entrambe le squadre. ABILITÀ -5 AGILITÀ -5 ""Ti viene da pensare che stai giocando nel cortile della tua vecchia scuola... ma in realtà i tuoi avversari sono orsi alti tre metri e mutanti radioattivi"". Amelia Messalina Brogley."
loc_ev_07_name;Beta Beam Satellite
loc_ev_07_info;Anche se gli ingegneri di Third Kind hanno molto più talento nel trasformare i dispositivi di ingegneria civile in meccanismi distruttivi, a volte fanno l'esatto contrario. Ad esempio, nell'universo di Larry Niven questo satellite ha scopi militari, come descritto in Limits, ma la versione adattata per l'uso in campo non è destinata a causare una distruzione di massa. O almeno, non per il momento. 
loc_ev_07_descr;"Il tuo veicolo spaziale pone in orbita un satellite armato di un cannone laser con il quale puoi colpire la metà campo opposta. ""È come se il dio del tuono stesse al tuo fianco e avesse polverizzato i tuoi avversari con i suoi raggi"". Ruslan Antonov"
loc_ev_08_name;Catchpocket
loc_ev_08_info;L'universo di Frank Herbert è pieno di vasti deserti che acuiscono l'inventiva degli abitanti. Come descritto in Dune, questo dispositivo integrato nella tuta viene utilizzato per assorbire un bene prezioso: l'acqua. Gli ingegneri del Premiumverso Originale ne hanno replicato la funzione, ma in questo caso il bene prezioso assorbito è l'ultimo dispositivo utilizzato da un qualsiasi giocatore. 
loc_ev_08_descr;"Raccoglie le recenti attività quantiche in modo da poter replicare l'ultimo dispositivo sperimentale utilizzato da qualsiasi giocatore. «Come diceva mia madre: non buttare nulla se non sei sicuro che non lo potrai mai più utilizzare"". Nacc'thal"
loc_ev_09_name;Nullfield
loc_ev_09_info;Nasce nell'universo di John Varley, e come suo fratello minore, la tuta nullificatrice, questo potente campo descritto in Linea calda Ophiucus, è estremamente raro a causa della complessità della sincronizzazione di tutti i generatori e del raggiungimento della frequenza quantica necessaria per distruggere gli equipaggiamenti degli avversari.  
loc_ev_09_descr;"Annulla l'equipaggiamento sperimentale del giocatore avversario per tutta la partita ""È come programmare ai tuoi avversari un viaggio al tempo delle caverne, in cui tu sei la loro tigre meccanica dai denti a sciabola"". Downjumper"
loc_story_intro_00;"Che bel multiposto è il multiverso! Sulla nostra Terra ancora non sappiamo quanto siano deliziosi i multigrassi saturi e quanto siano comode le sedie delle realtà parallele. "
loc_story_intro_01;Né sappiamo nulla degli enormi problemi di salute degli abitanti causati da una cattiva alimentazione e da uno stile di vita sedentario: obesità, diabete e sindrome di Schmidmaartprrrinfir'ar'ar.
loc_story_intro_02;Fortunatamente, sono consapevoli del problema al punto da indire una crisi sanitaria multiversale.
loc_story_intro_03;"Diversi anni fa, le astronavi transdimensionali inviate dalla Third Kind Industries hanno scoperto un pianeta insignificante dove sembravano conoscere la soluzione. Quel pianeta era la Terra. E la soluzione era lo sport."
loc_story_intro_04;"Ed è così che nacque Aces of Multiverse. Tale era la sua popolarità che divenne la piattaforma per le cause più strane di ogni universo possibile. Dai pianeti protozoici informi della dimensione 340 all'iperindustriale sede lunare della Third Kind Industries nel Premiumverso, sempre più mondi alternativi stanno partecipando alla competizione, non solo per rivendicare i loro diritti ma anche per difendere interessi perversi... il tutto mantenendosi in forma."
loc_story_intro_05;Questa è la storia delle prime tre squadre che hanno preso parte alla competizione.
loc_story_chapter0_00;Il pianeta Plantigrado è sull'orlo della distruzione totale! Lo sfruttamento delle sue risorse naturali lo sta distruggendo!
loc_story_chapter0_01;Gli Sputnik Bears sono stati la prima squadra a rendersi conto che lo sport non era solo un modo per mantenersi in forma, ma anche per difendere le loro nobili motivazioni. Stanno lottando per portare la voce della loro terra natale a tutto il Multiverso. Ma non è un'impresa facile.
loc_story_chapter0_02;"I Radiostar Freaks, il team di pericolosi mutanti radioattivi, venderanno cara la pelle. Entrambe le squadre sono state protagoniste di epici scontri a causa della loro aspra rivalità. Tutto ha avuto inizio quando i mutanti sono stati accusati di aver contaminato gli splendidi paesaggi naturali di Plantigrado con isotopi radioattivi nascosti all'interno di palloni regolamentari. Nell'incontro seguente, gli Sputnik Bears trasformarono lo spogliatoio dei loro avversari in una latrina per orsi. I padroni di casa dei Radiostar Freaks risposero lanciando nell'orbita di Plantigrado un fast food che serviva piatti a base di uranio arricchito. L'ultima volta che le due squadre si sono affrontate, i Radiostar Freaks hanno vinto all'ultimo secondo dopo aver strappato la palla a David Guralev, che subì un infortunio con conseguenze permanenti."
loc_story_chapter0_03;"Ora la palla rotola nel campo degli Orsi Sputnik. Otterranno la loro vendetta?"
loc_story_chapter1_00;Il vaccino contro il virus mutageno del cimurro radioattivo è stato inventato ma le corporazioni multiversali stanno bloccando il brevetto! 
loc_story_chapter1_01;"I Radio Star Freaks stanno portando avanti una campagna contro questa ingiustizia. Gli Electro Killers, la potente squadra di robot liberati, sarà il prossimo ostacolo da battere."
loc_story_chapter1_02;La storia delle sfide tra le due squadre è ricca di metalli corrosi da sostanze tossiche e arti indescrivibili amputati da pinze meccaniche... Per non parlare degli innumerevoli insulti.
loc_story_chapter1_03;"Durante il loro primo incontro, i robot si rifiutarono di elaborare i mutanti come ""persone"", così i mutanti decisero di trattare i robot come dei tostapane. In un torneo successivo, i mutanti incrociarono gli arti mentre gli Electro Killers eseguivano la ""Danza dei robot"", una hacka sacra."
loc_story_chapter1_04;"Alla loro ultima partita, gli Electro Killers hanno vinto con tre goal di scarto, festeggiando con un rullo di tamburo di risate inscatolate. I Radiostar Freaks saranno in grado di restituire il colpo?"
loc_story_chapter2_00;I robot hanno ottenuto i loro diritti ma la loro battaglia non si è ancora conclusa: devono ancora consolidarli!
loc_story_chapter2_01;"Gli Electro Killers difenderanno la loro causa nel campo da gioco. Battere l'arrogante compagine di orsi degli Sputnik Bears sarà una bella sfida."
loc_story_chapter2_02;Gli ursidi di Plantigrado incolpano la tecnologia degli automi per molte delle disgrazie del loro pianeta, e non si fanno scrupoli a dimostrare che la mente è di gran lunga superiore a un microprocessore. In uno dei loro recenti incontri, hanno creato degli stuzzicadenti di latta dai resti di un robot sconnesso per far infuriare gli Electro Killers. Quest'ultimi hanno risposto durante la partita di ritorno allestendo uno spettacolo circense di orsi in bicicletta durante l'intervallo.
loc_story_chapter2_03;"Nell'ultimo incontro, gli orsi hanno vinto con un solo gol di scarto e hanno dichiarato che chi non è fatto di carne non merita onore. Saranno in grado gli Electro Killers di dimostrare chi merita l'onore e chi può salvare la sua carne?"
loc_story_chapter3_00;Gli Sputnik Bears lottano per tutelare il loro ambiente e il loro millenario stile di vita dal saccheggio delle Industrie Third Kind.
loc_story_chapter3_01;Per le Riot Angels, il team multidimensionale dedicato all’empowerment femminile, il “millenario stile di vita” di quegli orsi puzza di naftalina patriarcale.
loc_story_chapter3_02;I nobili ma arroganti ragazzi di Plantigrado rifiutano di prendere sul serio le richieste delle ragazze, considerandole “problemi del primo mondo”. Le Riot rispondono che non hanno affatto intenzione di farsi compatire dagli orsi... Tutto quello che vogliono è ridurli in cenere. Moustakim Vitalievich ha detto che Emily Emo Lee era troppo carina per questo gioco. La Riot Angel gli ha risposto per le rime dicendogli che il più carino era proprio lui, Moustakim, con quel suo aspetto da peluche per poppanti.
loc_story_chapter3_03;Nella prima partita, le Riot Angels hanno umiliato gli Sputnik Bears, togliendo loro la voglia di fare i gradassi. Gli orsi hanno inventato ogni sorta di scuse, sostenendo prima di aver avuto paura di far del male alle ragazze, e poi di averle quasi lasciate vincere perché “delle fanciulle così graziose e minute non potevano certo pretendere che giocassimo al loro stesso livello...”. Nel secondo incontro sono scesi in campo determinati a vincere. Hanno sudato sangue ma alla fine hanno conciato le rivali per le feste, dichiarandosi vittoriosi con un solo gol di David Guralev.
loc_story_chapter3_04;Nella prossima partita, quale sarà la squadra che darà più filo da torcere allo schieramento avversario?
loc_story_chapter4_00;Ridere dei brutti è da stupidi. Ma anche ridere di un gruppo di giovani fanciulle lo è. Se poi schieriamo brutti contro fanciulle, chi ride di chi?
loc_story_chapter4_01;I Radio Star Freaks sono il simbolo della lotta per la dignità dei mutanti.
loc_story_chapter4_02;Le Riot Angel rappresentano l’empowerment femminile.
loc_story_chapter4_03;Due cause davvero nobili, non c’è dubbio... peccato che non c’è modo di far andare d’accordo entrambe le squadre. Nel primo scontro, Sedruol ha strappato via la maschera di Abitha Octavia Cob, completando l’opera con una frustata per nulla piacevole in piena faccia. Secondo la mutante, l’ha fatto per dimostrare che non è così bella come vogliono farci credere. In un incontro successivo, Flower Smashing Power ha sparso polline sul campo, irritando profondamente il gigantesco bulbo oculare di Sedruol.
loc_story_chapter4_04;Nell’ultima partita, Scimpheak si è intrufolato nello spogliatoio delle Riot Angels e ha sostituito il libro di Cime Tempestose di Messalina Leonidas con un giornale sportivo, che gli ha quasi fatto venire un infarto. Tra tanti screzi personali, nessuno si è preoccupato di mettere insieme i loro ragionevoli obiettivi... E nemmeno di ricordare i risultati delle partite.
loc_story_chapter4_05;Ma quale sarà il risultato di oggi?
loc_story_end_00;Per quanto piccola possa essere la realtà quantica, questa vittoria la rende un po' più bella.
loc_story_end_01;Il campionato Aces of Multiverse ha molti altri segreti, sorprese e vittorie in serbo. Ma ha bisogno di qualcos'altro: sempre più Assi.
loc_team_oso00_00;Il team del pianeta Plantigrado nel Premiumverso Originale è composto interamente da ursidi discendenti da Masha e Misha, i primi coloni ad arrivare dall'antica capsula di Soyuz. Giocano per far sentire la voce del loro pianeta, nel mirino di grandi aziende minerarie come la Third Kind. Onore, uguaglianza e natura sono i loro valori. Forza e artigli (letteralmente) le loro armi. 
loc_team_oso01_00;Nell'universo D404, a causa delle battaglie contro la Third Kind, la popolazione della gioventù di Plantigrado è stata decimata. Per completare una squadra di orsi, i Barely Bears hanno inserito due valori nel programma di due robot: proteggere la natura e l'onore del loro pianeta. 
loc_team_oso02_00;"Partecipano a Aces of Multiverse per finanziare le loro spedizioni di ""cosmonauti radicali"". Con l'aiuto dei loro due robot, questi tre orsi ""cosmonauti estremi"" detengono il record della distanza massima in una capsula analogica, una passeggiata nello spazio in l'apnea e un viaggio con letargo prolungato. In un'altra grande impresa, hanno raggiunto la prima luna di Plantigrado trattenendo il respiro in un barile di aringhe affumicate. "
loc_team_mutant00_00;Una squadra composta interamente da mutanti per difendere la causa mutante. Sono i sopravvissuti del virus del cimurro radioattivo, che si è diffuso dopo l'esplosione della Supernova Kaar 23030 e che trasmette la malattia e le caratteristiche genetiche di un ospite a quello successivo (da qui le mutazioni).  Partecipano per sensibilizzare sui loro problemi, e soprattutto per assicurare che si liberalizzi il brevetto per il vaccino contro il virus, nelle mani della Third Kind. 
loc_team_mutant01_00;Determinati a vincere ad ogni costo il titolo di Aces of Multiverse, questi mutanti hanno rapito il figlio della stella plantigrada Aleksei Rollan e minacciano di infettarlo con del cimurro radioattivo e trasformarlo in un mutante a meno che suo padre non giochi tra le loro fila. Aleksei non ha altra scelta che impegnarsi a fondo, ma in ogni caso non sa fare nient'altro che dare il massimo sul campo da gioco. 
loc_team_mutant02_00;"L'annessione di Zapiram è servita a potenziare le giocatrici della squadra mutante dell'universo D303. In questa realtà parallela, la campionessa del pianeta Protozolia accetterà di giocare solo se le sue compagne fanno parte delle titolari.  ""A chi non sta bene"", dice, ""può andare a farsi una nuotata nel protoplasma"".    I risultati finora parlano chiaro. "
loc_team_robot00_00;Questo team del Premiumverso Originale è composto interamente da robot che vogliono rivendicare i nuovi diritti acquisiti. Tuttavia, anche se sono già considerati come persone, ciò non significa che si comportino sempre come tali. Se il loro algoritmo lo giustifica, non esiteranno a strappare il braccio di un orso... o a svolgere la funzione di un poggiapiedi in metallo la settimana successiva. 
loc_team_robot01_00;L'esistenza di questa squadra della Dimensione Confusa è tutta basata sull'errore. In primo luogo, il nome è un errore: sembra il marchio di un pacchetto di patatine. In secondo luogo, i robot hanno erroneamente tesserato due giocatori pensando fossero macchine quando in realtà sono orsi con sistemi di supporto cibernetico.  In terzo luogo, questi orsi hanno erroneamente accettato perché pensavano di firmare un contratto di locazione di una nuova astronave interdimensionale. Quello che non è un errore è il modo in cui giocano: da quando hanno implementato questo strano mix di microchip e tessuti organici, sono determinati a fare di tutto per vincere.
loc_team_robot02_00;Sin dall'invenzione dell'intelligenza artificiale, gli esseri umani hanno sognato di riuscire a ballare come un robot, ma senza riuscirci mai. Ecco perché il team robotico dell'universo Z404 usa questa simpatica danza per umiliare i suoi avversari sconfitti.  Batte i suoi avversari perché tra le sue fila può vantare la stella assoluta Downjumper, quindi l'incontro raramente finisce con un altro esito. 
loc_team_princess00_00;Sono state selezionate con uno scopo ben preciso dalla leader leggendaria Quantic Fem, Samantha Quark, tra le migliori giocatrici di tutte le realtà possibili. L’obiettivo è quello di dimostrare che giocare come una ragazza è farlo meglio di chiunque altro. Le Riot Angels sono giocatrici esplosive, abili e potenti. Stanche di giocare un ruolo secondario in ogni angolo del multiverso, queste Quantic Fems radicali si sono unite per esigere gli stessi diritti e lo stesso riconoscimento di qualsiasi altro giocatore maschile. Per questo hanno scelto il campo più duro su cui farsi valere: quello di Aces of the Multiverse.
loc_team_princess01_00;In molti universi paralleli, le Quantic Fems non sono le sole a lottare per una maggiore uguaglianza negli equilibri di potere. Alcune di loro si sono associate a due ursidi devoti alla causa: da un lato Leonid Arkaimovich – che ha già dimostrato il suo impegno nella decostruzione dei ruoli di genere (non per niente, gioca con il figlio nel marsupio) –; dall’altro, Kirill Georgiy, un giovane sempre pronto a battersi per un futuro più giusto.
loc_team_princess02_00;Sono cervellone dell’ingegneria multiversale impegnate nel movimento Quantic Fem, che hanno riprogrammato due famosi robot affinché sposassero la loro causa. Ora, questi due giocatori meccanici sentono nei loro bulloni l’ingiustizia di avere un soffitto di cristallo al di sopra delle loro teste, e il peso di una cultura patriarcale che opprime i loro circuiti. Fortunatamente sono anche in grado di sperimentare tutta la sorellanza del movimento Quantic Fem e sono decisi a dare il massimo per raggiungere i loro obiettivi.
loc_match_stats_goal;Goal
loc_match_stats_possession;Possesso palla
loc_match_stats_bestplayer;Miglior giocatore
loc_match_stats_dmg;Danno ricevuto
loc_menu_quickplay;Partita rapida
loc_menu_storymode;Modalità storia
loc_menu_pairdevice;Associare dispositivo
loc_menu_settings;Impostazioni
loc_menu_editteam;Modificare squadra
loc_menu_chooseteam;Scegli lo stemma e il nome della tua squadra!
loc_menu_team;Squadra
loc_menu_teammanagement;Gestione della squadra
loc_menu_locker;Spogliatoio
loc_menu_statistics;Statistiche
loc_menu_strength;Forza
loc_menu_dexterity;Abilità
loc_menu_shotskill;Abilità di tiro
loc_menu_speed;Velocità
loc_menu_stamina;Resistenza
loc_menu_hitpoints;Punti ferita
loc_menu_album;Album
loc_menu_filters;Filtri
loc_menu_aces;Aces
loc_menu_common;Comune
loc_menu_infrequent;Non comune
loc_menu_rare;Raro
loc_menu_ultrarare;Rarissimo
loc_menu_skip;Salta
loc_menu_get;Ottieni
loc_menu_xplorawatch;Orologio Xplora
loc_menu_mobile;Dispositivo mobile
loc_menu_nodevice;Nessun dispositivo
loc_menu_press;Premi
loc_menu_new;Nuovo!
loc_menu_completed;Completato!
loc_menu_1v1;1 vs 1
loc_menu_1vAI;1 vs IA
loc_menu_league;Lega
loc_menu_tournament;Torneo
loc_menu_customize;Personalizza
loc_menu_back;Indietro
loc_menu_next;Avanti
loc_menu_select;Seleziona
loc_menu_difficulty;Difficoltà
loc_menu_selectdevice;Seleziona dispositivo
loc_menu_playmatch;Gioca una partita
loc_menu_choosecountry;Scegli il tuo paese
loc_menu_carddescription;Descrizione
loc_controller_aceskill;Abilità dell'Ace
loc_controller_castleft;Lancia la card sinistra
loc_controller_pause;Pausa
loc_controller_castright;Lancia la card destra
loc_controller_closestplayer;Controlla il giocatore più vicino
loc_controller_dash;Corri
loc_controller_sprint;Sprinta
loc_controller_shoot;Tira
loc_controller_pass;Passa
loc_controller_moveteam;Muovi tutta la squadra
loc_controller_controlplayer;Controlla il giocatore attivo
loc_ecode_success;Utente creato correttamente! Inserisci il codice ricevuto sul tuo dispositivo
loc_ecode_authfail;Autenticazione non riuscita
loc_ecode_unknownexception;Si è verificato un errore durante la connessione al server...
loc_ecode_unreachable;Il server sembra non disponibile...
loc_ecode_generalerror;Si è verificato un errore durante la connessione al server. Controlla l'app Xplora per ulteriori informazioni.
loc_ecode_wrongparams;Errore: parametri errati
loc_ecode_wrongformat;Errore: formato errato
loc_ecode_wrongnumberformat;Il numero di telefono era nel formato sbagliato.
loc_ecode_phonenotfound;Impossibile trovare il telefono
loc_ecode_nicknotfound;Utente non trovato.
loc_ecode_wrongcode;Codice non valido.
loc_ecode_nickponealreadyexists;Nickname o telefono già presenti
loc_ecode_noscenario;Utente non verificato.
loc_ecode_wrongauth;Sessione non sufficiente... Continua ad allenarti!
loc_ecode_forbiddenaccess;Si è verificato un problema di autenticazione.
loc_ecode_urlnotfound;Accesso al server negato.
loc_ecode_progerr;Indirizzo del server errato.
loc_msg_stun;Stordisci!
loc_msg_hp;PF
loc_msg_miss;Mancato!
loc_msg_ko;KO!
loc_msg_exhausted;Esausto!
loc_msg_zombie;Zombie 
loc_menu_acesDetails;Aces of the Multiverse è il primo videogioco che premia lo sport che pratichi associandolo al tempo di gioco. Pertanto, scegli il dispositivo con cui vuoi allenarti e annota le tue sessioni attraverso l'applicazione Xplora. Ogni giorno, quando inizi a giocare, potrebbero essere aggiunte nuove card alla tua collezione a seconda del tempo in cui hai praticato sport. Gioca, corri, divertiti e vinci card. La collezione è composta da più di cento card e alcune sono molto difficili da ottenere...
loc_eula;"Tutti i contenuti acquistati in un negozio online saranno acquistati da PlayStation Network Europe Limited (PSNE"") e saranno soggetti ai Termini di servizio e alle Condizioni d'uso disponibili su PlayStation®Store. Consulta i diritti d'uso per ogni acquisto effettuato, poiché possono differire in base al contenuto. Se non diversamente specificato, i contenuti disponibili nei negozi online sono rivolti ad utenti con la stessa età consigliata per il gioco."""
loc_menu_charBiography;Biografia dei personaggi
loc_msg_directPass;Pass diretto!
loc_msg_freeBall;Palla libera!
loc_msg_slow;Lento!
loc_menu_equipment;Attrezzatura
loc_menu_events;Evento
loc_race_robots;Robot
loc_race_mutants;Mutantes
loc_race_humanoids;Umanoide
loc_race_aliens;Alieno
loc_race_princesses;Principessa
loc_loading;Carico…
loc_menu_master;Master
loc_menu_soundEffects;SFX
loc_menu_music;Musica
loc_menu_exit;Esci
loc_menu_continue;Continuare
loc_menu_pause;Pause
loc_menu_cleared;Completato!
loc_menu_cardsUnlocked;Nuova carta sbloccata!
loc_menu_teamUnlocked;Nuova squadra sbloccata!
loc_menu_connecting;Connettersi...
loc_menu_close;Chiuso
loc_menu_newName;Nuovo nome
loc_menu_none;Nessuno
loc_tutorial_Conectivity_00_00;Ehi tu, piccolo ammasso di particelle quantiche. Sei uno sportivo nella tua dimensione?
loc_tutorial_Conectivity_01_00;Inizia ad usare Xplora: il rivoluzionario dispositivo che ti aiuterà a collegare quanticamente la tua noiosa vita quotidiana con una moltitudine di realtà alternative abitate.
loc_tutorial_Conectivity_01_01;Ogni volta che indossi Xplora al polso, sarai connesso interdimensionalmente. La tua attività fisica vale come l'oro nelle altre realtà alternative.
loc_tutorial_Conectivity_01_02;Xplora conta i tuoi passi e li trasferisce nel Multiverso dove si trasformano in giocatori e oggetti che puoi usare per costruire le tue squadre.
loc_tutorial_Conectivity_01_03;Accedi al menu di sincronizzazione. Seleziona il dispositivo contapassi. Sei pronto.
loc_tutorial_Conectivity_02_00;Se il tuo dispositivo è un orologio Xplora, ricevi automaticamente un Asso, una delle card più preziose del gioco.
loc_tutorial_Conectivity_02_01;Ogni giorno, Aces of the Multiverse ti offrirà nuove card. Più passi fai e più ore giochi, più saranno preziose.
loc_tutorial_Conectivity_03_00;Cosa stai aspettando? Se giocare in un solo universo non ti diverte abbastanza, collega il tuo Xplora. Muoviti. Fai attività fisica. Gioca. Colleziona tutte le card.
loc_tutorial_Conectivity_03_01;Diventa uno degli Assi di ACE OF THE MULTIVERSE!!!
loc_tutorial_Story_00_00;Aces of the Multiverse è molto più di uno strano calcio interdimensionale. Se vuoi giocare, è meglio che tu lo faccia bene.
loc_tutorial_Story_00_01;Se è la tua prima volta, devi sbloccare le squadre giocando in Modalità Storia. Gli ultimi sconvolgenti eventi nel multiverso ti lasceranno ionizzato. Inoltre, otterrai card per allestire le tue squadre.
loc_tutorial_Story_00_02;Con ogni vittoria guadagnerai nuove card. Anche se non saranno buone come quelle che otterrai facendo attività fisica, la quale sarà registrata attraverso il tuo dispositivo interdimensionale Xplora.
loc_tutorial_Story_01_00;Sul terreno di gioco, scegli il giocatore più vicino a quello con la palla.
loc_tutorial_Story_02_00;Corri.
loc_tutorial_Story_03_00;Colpisci il tuo avversario per rubargli la palla.
loc_tutorial_Story_04_00;Passa.
loc_tutorial_Story_05_00;Tira in porta.
loc_tutorial_Story_05_01;Troverai anche oggetti mai visti prima. Gli equipaggiamenti speciali possono darti vantaggi straordinari, ma fai attenzione, non dureranno per sempre.
loc_tutorial_Story_06_00;Gli Assi sono i top player della lega. Ciascuno ha le proprie abilità speciali che possono cambiare le sorti della partita.
loc_tutorial_Story_06_01;Tutte le squadre sono diverse, così come i campi da gioco. Tutto influenza il modo in cui si svolge una partita. Ma la tua mente e i tuoi riflessi sono ciò che realmente muove i fili da una dimensione parallela.
loc_tutorial_Story_06_02;Diventa uno degli Assi di ACE OF THE MULTIVERSE!
loc_tutorial_Team_00_00;Hai una buona memoria? Dovresti quindi ricordarti che in Aces of the Multiverse ogni vittoria e, soprattutto, l'attività fisica che pratichi, ti daranno accesso a nuove card giocatori e card equipaggiamento.
loc_tutorial_Team_00_01;Colleziona queste card nel tuo album personale. Per ottenere quelle dal valore più alto, dovrai sudare, stanne certo.
loc_tutorial_Team_01_00;Nella sezione Gestione Squadra puoi gestire le card del tuo album. Crea le tue squadre con la combinazione di giocatori che preferisci.
loc_tutorial_Team_01_01;Ogni personaggio ha le sue statistiche e modalità di gioco basate su quattro abilità fondamentali: Forza, Accuratezza, Abilità e Velocità.
loc_tutorial_Team_01_02;Troverai anche un ruolo consigliato: difensore, attaccante o centrocampista. In questo modo potrai facilmente creare una squadra bilanciata.
loc_tutorial_Team_02_00;Le card equipaggiamento migliorano le abilità dei tuoi giocatori, mentre le card equipaggiamento speciale ti danno la possibilità di compiere giocate mai viste durante una partita.
loc_tutorial_Team_02_01;Muoviti e fai sport per ottenere le card migliori. Scegli cinque titolari e due riserve, equipaggiali con la tecnologia più moderna e rendi la tua squadra una LEGGENDA IN TUTTO IL MULTIVERSO.
loc_tutorial_match;Prima della partita
loc_tutorial_xplora;Collega il tuo dispositivo Xplora
loc_menu_audio;Audio
loc_menu_controls;Controlli
loc_menu_tutorial;Lezione
loc_menu_language;Linguaggio
loc_menu_credits;Crediti
loc_menu_previous;Precedente