loc_char_oso_00_bio;Vorsicht, Weisheit und Empathie für die Umwelt verschaffen diesem Bären seine unvergleichlichen Fähigkeiten auf dem Platz. Vor jedem Kampf versenkt er sich für eine Stunde in transzendentale Meditation. Aber nach dem Start ist es vorbei mit dem Frieden: Der Bär fährt seine Krallen aus, denn er weiß, das Leben ist kurz ... vor allem das seiner Gegner. Nicht jeder Moustakim Vitalievich im Multiversum ist so geduldig, geistig gesund und edel wie dieser, der im Original-Premiumversum lebt. Er gehört immer zur Startaufstellung der hoch geachteten Sputnik Bears Plantigrad. Im Universum B022 allerdings setzt er sich nicht für die Befreiung seines Planeten ein, sondern kämpft lieber für die Farben der feudalen Mannschaft der Zaren Plantigrad. Der Moustakim aus dem Universum R02 dagegen verschluckte in einem Spiel aus Versehen einen Mutanten und leidet jetzt unter chronischem Sodbrennen.
loc_char_oso_00_descr;„Ich verliere nie die Geduld, aber manchmal verliert die Geduld mich.“
loc_char_oso_01_bio;Er hat geschworen, eine Maske zu tragen, bis sein Planet Platigrad von fremden Bedrohungen befreit ist. Er ist bereit, auf dem Platz für die Ehre seiner Mannschaft und die Rechte seiner Landsleute zu sterben.Alle alternativen Aleksei Rollans in den unendlichen Multiversen sind angriffslustig und zäh. Im Original-Premiumversum ist er den Sputnik Bears Plantigrad treu, in anderen Parallelwirklichkeiten ist seine Profi-Karriere abwechslungsreicher verlaufen. Im Universum C130 zum Beispiel spielt er in der Juri-Gagarin-Gedächtnismannschaft, in B029 verkauft er Würstchen am Third-Kind-Stadion und trägt einen Sombrero anstelle der Maske. Der Aleksei Rollan im Universum A002 ist eine besonders tragische Gestalt. Sein Sohn wurde entführt, um ihn dazu zu zwingen, für das Mutantenteam Cesius Mayhem zu spielen.
loc_char_oso_01_descr;„Wenn ich dir mein Gesicht zeige, ist das letzte, was zu sehen bekommst.“
loc_char_oso_02_bio;Er wurde zum Helden im Kampf um die Freiheit seines Planeten, indem er den Feind blitzschnell aus dem Wald heraus angriff und sich sofort wieder zurückzog. Jetzt setzt er sein ganzes Talent im Sport ein, um auf diese Weise Aufmerksamkeit für die Sache Plantigrads zu schaffen. In den meisten bekannten Parallelwirklichkeiten ist er noch immer ein Guerrillakämpfer und Experte für Sprengstoffe, der sich in den dichten Wäldern Plantigrads versteckt. Nur in einer Handvoll Universen spielt er Aces of the Multiverse. Im Original-Premiumversum hat er sich (natürlich) den Sputnik Bears Plantigrad angeschlossen. Im Universum Z003 dagegen ist er mit einem Egogirl-Team unterwegs, die ihn als Maskottchen gewählt haben - aber das stört ihn nicht, denn sie versorgen ihn mit reichlich Toast und Honig. 
loc_char_oso_02_descr;„Wo ich herkomme, heißt eingreifen den Feind vernichten.“
loc_char_oso_03_bio;Es gibt keine Alterstabus unter den bärenartigen Bewohnern von Plantigrad. Weil ihr Gehirn so schnell heranreift, sind sie schon in jungen Jahren hervorragende Kämpfer und Spieler bei Aces of the Multiverse. Kirill ist ein gutes Beispiel dafür. Mit nur 10 Jahren macht er sich schon einen Namen in den Profi-Ligen dieses Sports und verteidigt leidenschaftlich die Farben seines Planeten. Alle im Multiversum verteilten Quantenversionen dieses Kerlchens haben eins gemeinsam: ein besonderes Talent für Aces of the Multiverse. Er nutzt dieses Talent allerdings nicht in allen Parallelwirklichkeiten auf dieselbe Art. Im Original-Premiumversum hat er die Mannschaft seines Heimatplaneten, die Sputnik Bears Plantigrad, nie verlassen. Im Universum U03 (dem so genannten Uni-Universum) hat er sich der Jugendmannschaft Galactic Hitchhikers angeschlossen und spart auf das eine oder andere Sabbatjahr. Im Universum F404 (dem Mode-Universum) ist er ebenfalls talentiert, spielt aber nicht, weil durch den Schweiß sein Fell verklebt.
loc_char_oso_03_descr;„Das ist ein Kinderspiel für mich.“
loc_char_oso_04_bio;"In seinem Einsatz für einen gerechteren Planeten achtet der Plantigrader Leonid Arkaimovich auch auf seine Privilegien und verändert seine männliche Rolle. Als Teil dieser Anstrengungen nutzt er die CyberMarsupial-Technik, um sich 24 Stunden am Tag um sein Kind zu kümmern, auch auf dem Platz. Im Original-Premiumversum trägt Leonid seinen Sohn, während er die Ehre der Sputnik Bears Plantigrad verteidigt, aber in mehr als nur ein paar Parallelwirklichkeiten trägt der Sohn Leonid. Im Universum T100 wurden sie von einem Roboterteam angeheuert, die sie für eine Art zweiköpfiges Lebewesen halten. In E203 rennen sie nicht über das Spielfeld, sondern eilen zu Castings für Werbefilme; Leonid ist entschlossen, seinen Sohn zum Gesicht der neuesten Kindermodemarke zu machen."
loc_char_oso_04_descr;„Wer nur für sich spielt, spielt nur. Wer für die Zukunft seiner Kinder spielt, zieht in den Krieg.“
loc_char_oso_05_bio;Die Technik, die in den Archiven von Sputnik 2.2 gefunden wurde, hat enormes Potenzial, wenn sie mit den hyperentwickelten Gehirnen der bärenartigen Bewohner von Plantigrad kombiniert wird. So hat zum Beispiel das Wissen der Bären zu Erfindungen wie David Guralevs Cyberstelzen geführt, mit denen er die Lähmung überwindet, unter der er nach einem Zusammenstoß mit den Radiostar Freaks leidet. Er konnte in Topform zu seiner Mannschaft zurückkehren. Im Original-Premiumversum spielt David Guralev mit einer mechanischen Prothese für die Sputnik Bears, weil er seit einer Verletzung aus einem Spiel gegen die Radiostar Freaks gelähmt ist. In anderen Multiversen muss die gesamte Mannschaft der Radiostar Freaks mechanische Prothesen tragen - wegen David Guralev. Im Universum J584 fühlt sich Guralev eher als Roboter denn als Humanoid und spielt in einer Robotermannschaft.
loc_char_oso_05_descr;„Meine Beine sind voller Wolfram, mein Herz ist voller Siege.“
loc_char_oso_06_bio;Seine Familie stammt nicht von den Bären des ersten Sputnik ab, der Plantigrad erreichte. Sie wanderten als schlichte Ameisenbären aus und entwickelten sich genauso schnell weiter wie die Nachkommen von Mischa und Mascha. Das erklärt seinen fremdartigen Namen und seine exotische Rasse, aber Pavels Herz gehört Plantigrad, der Heimat seiner Familie und seiner Freunde, aber auch der besten Ameisen in der Galaxis. Er wird alles geben, um Ruhm und Ehre für seinen Planeten zu gewinnen. Nicht alle Parallelwirklichkeiten sind so fair mit Pavel umgegangen wie das Original-Premiumversum. In anderen Universen wurde er von den Sputnik Bears abgewiesen, weil er ein Ameisenbär ist, was erklärt, warum wir viele alternative Versionen von ihm in Roboter- oder Humanoiden-Mannschaften antreffen. Im Universum H404 hat er eine Kammerjägerfirma mit dem Namen Formiclón gegründet, die auf die Vernichtung von Ameisenhügeln spezialisiert ist. Das Motto des Unternehmens lautet: „Formiclón macht Krabbler platt und Bären fett.“
loc_char_oso_06_descr;„Ich zerquetsche meine Feinde wie die Ameisen und verschlinge sie wie ... wie ... die Ameisen.“ 
loc_char_oso_07_bio;"Plötzlich hat sich der mächtige Moustakim Vitalievich entwickelt, und er ist schneller denn je. Dieser Fortschritt ist sicher eine Folge der Quantenverschränkung seiner Zellen mit denen eines Nutzers des Interdimensionsgeräts Xplora. Man trifft diesen entwickelten Moustakim Vitalievich nur selten auf dem Spielfeld, egal in welchem Universum. Seine verbesserte Leistungsfähigkeit wurde durch ein Multidimensionsportal übertragen, das durch die Interaktion eines Xplora-Geräts geöffnet wurde.  Wenn ein Xplora-Nutzer in seiner Welt Sport treibt, reist der Nutzen dieser Aktivität durch das Multiversum und verschafft einem zufälligen Spieler von Aces of the Multiverse gewisse Vorteile. In diesem Fall war Moustakim Vitalievich der glückliche Empfänger; seine Fans können ihn jetzt regelrecht über den Platz fliegen sehen."
loc_char_oso_07_descr;"„Weil ich schneller bin, kann ich meine Ungeduld leichter zügeln; ich komme jetzt überall in der Hälfte der Zeit an.“"
loc_char_oso_08_bio;Die Quantenverschränkung der Paralleluniversen hat Alekseis Zellen mit denen eines Nutzers des Interdimensionsgeräts Xplora verbunden. Dank der körperlichen Aktivitäten dieses geheimnisvollen Nutzers in seinem eigenen Universum hat diese Version von Aleksei bessere Fähigkeiten entwickelt. Dieser alternative Aleksei Rollan ist stark wie gewohnt, aber viel beweglicher auf dem Spielfeld und in den verschiedenen Quantenwirklichkeiten selten. Das Interdimensionsgerät Xplora kann die Leistung seines Nutzers zufällig auf einen „Aces of the Multiverse“-Spieler übertragen, es ist also unwahrscheinlich auf weitere Aleksei Rollans zu stoßen, die für Mannschaften aus anderen Dimensionen spielen. . . aber nicht unmöglich.
loc_char_oso_08_descr;„Hinter dieser Maske spüre ich, wie mein Gehirn all meine Bewegungen koordiniert - so habe ich das noch nie gefühlt.“
loc_char_oso_09_bio;Die Zunahme der Muskelmasse, die nötig war, um den ursprünglichen Yaroslav Ilyich schneller zu machen, wurde dank der Quantenverschränkung mit den Molekülen eines Xplora-Nutzers durch das Multiversum übertragen. Hier kommt Yaroslav Ilyich Evo: gleiche Kraft, mehr Tempo. Der Quantenzufall hat Yaroslav Ilych Evo geholfen, aber das kommt nicht jeden Tag vor. Man sieht ihn in allen Universen selten spilene. Damit das funktioniert, muss ein Nutzer eines Xplora-Interdimensionsgeräts so viel Sport treiben, dass sich seine Leistung verbessert, und diese Verbesserung reist durch das Multiversum und verschafft einem zufälligen Spieler von Aces of the Multiverse einen Vorteil.
loc_char_oso_09_descr;„Jetzt kann ich viel schneller Chaos anrichten.“
loc_char_oso_10_bio;Es ist kaum zu glauben, dass ein so kleiner Körper in einem Sekundenbruchteil so viel Kraft aufnehmen kann. Natürlich liegt das nur an einer glücklichen Quantenverschränkung seiner Moleküle mit einem unbekannten Nutzer des Interdimensionsgeräts Xplora. Diese anonyme Person trainierte sehr eifrig, und der Nutzen aus diesem Training hat die Stärke, die Fähigkeit und das Tempo des kleinen Kirill vorangebracht. Kirill Georgiy Evo ist ein irres Ergebnis der Quantenmechanik, die in jedem Multiversum selten vorkommt. Damit die Leistungssteigerung übertragen wird, muss der Eigentümer eines Xplora-Interdimensionsgeräts sehr vehement trainieren. Der Nutzen aus dieser Aktivität reist dann vollständig durch das Mulitversum und kommt bei einem zufälligen Spieler an. In diesem Fall hat Kirill sich entwickelt, zur großen Freude seiner Fans.
loc_char_oso_10_descr;„Es ist, als ob ich über Nacht erwachsen geworden wäre.“
loc_char_oso_11_bio;Ein Nutzer des Interdimensionsgeräts Xplora trainiert regelmäßig in seinem Universum, und dank der Quantenverschränkung haben diese Anstrengungen Leonids Gehirnzellen angeregt und seine Fähigkeiten verbessert. Der ursprüngliche Leonid Arkaimovich ist ein Bär von beeindruckender Stärke, aber die entwickelte Version ist außerdem beweglicher und geschickter. Er verdankt seine Existenz der Kraft, die übertragen wird, wenn einE NutzerIn des Interdimensionsgeräts Xplora in seiner/ihrer Welt trainiert: Dier Nutzen dieser Aktivität wird in verschiedene Paralleluniversen übermittelt und verschafft einem zufälligen Spieler von Aces of the Multiverse gewisse Vorteile. Leider sind diese Versionen von Leonid Arkaimovich (entwickelt) selten.
loc_char_oso_11_descr;„Wir fühlen uns beweglich. Wir fühlen uns schnell. Wir fühlen uns wohl.“
loc_char_oso_12_bio;Der Nutzer des Interdimensionsgeräts Xplora, der die Wirkung seines Trainings auf den entwickelten David Guralev übertrug, hat seine Sache gut gemacht. Diese Version ist nicht nur stärker, sondern auch geschickter und schneller. Dieser hoch entwickelte David Guralev ist im Multiversum selten. Die Wahrscheinlichkeit, dass all diese Leistungsverbesserungen von einem Xplora-Nutzer bei ihm ankommen, war unglaublich gering. Aber da nun das Unwahrscheinliche geschehen ist, kann das Publikum das Können eines viel mächtigeren David Guralev bewundern, als sie je einen kennen gelernt haben.
loc_char_oso_12_descr;„Ich könnte zu einem Mont von Plantigrad fliegen und einmal rundherum laufen . . . oder sogar durch den Mond.“ 
loc_char_oso_13_bio;Die Quantenverschränkung hat Pavels Zellen mit denen eines Xplora-Nutzers verbunden, der das Training sehr ernst nimmt. Dank dieses Trainigs haben sich mehrere von Pavels Werten deutlich verbessert: Stärke, Geschick und Tempo. Das Ergebnis ist Pavel Kirillovich Evo, ein wirklich beeindruckender Spieler. Es ist fast unmöglich, irgendwo im Multiversum einen Pavel Kirillovich mit so hoch entwickelter Leistungsfähigkeit zu finden. Der Eigentümer des Interdimensionsgeräts Xplora, der all diese Kraft übertrug, hat seine Sache ohne Zweifel gut gemacht. Dank seiner großartigen körperlichen Anstrengung können wir jetzt einen außergewöhnlichen Spieler bewundern.
loc_char_oso_13_descr;„So gut habe ich mich zuletzt gefühlt, als mein Bein taub wurde und ich dachte, da würden überall Ameisen krabbeln.“
loc_char_oso_14_bio;Irgendwo im Universum hat der Eigentümerin eines Xplora-Interdimensionsgeräts sich wirklich Mühe gegeben. Die verstärkte Kraft, die er durch das Multiversum geschickt hat, war so stark, dass daraus ein hochentwickelter Aleksei Rollan entstand, der ein nie dagewesenes Tempo vorlegen kann. Ein Aleksei Rollan Hoch-Evo ist eine blitzschnelle Version von Aleksei Rollan, es kommt aber selten vor, dass man einen auf einem Spielfeld im Multiversum antrifft. Nur wenige Nutzer können eine so riesige Leistungssteigerung durch das Multiversum schicken. Aber einem Xplora-Nutzer ist es gelungen, durch wirksames körperliches Training, und wir haben Grund zum Feiern: Wir Zuschauern können jetzt die Fähigkeiten eines wirklich galaktischen Spielers bewundern. 
loc_char_oso_14_descr;„Wenn du meine Maske abnehmen könntest, würdest du das Gesicht eines unglaublich starken Spielers sehen.“
loc_char_oso_15_bio;Ruslan ist in einem Labor auf Plantigrad entstanden, als Klon, der mit genetischem Material jener Legende perfektioniert wurde, die alle bärenartigen Bewohner des Planeten verehren: Juri Gagarin. Ein Zehennagel des ersten Kosmonauten tauchte in Sputnik 2.2 auf, dem Raumschiff, das Plantigrad besiedelte. Wissenschaftler brüteten die Zellen aus und gaben ihnen ein übernatürliches Talent dafür mit, Aces of the Multiverse zu spielen. Natürlich kann ein Nachkomme von Juri Gagarin in keiner anderen Mannschaft spielen als bei den Sputnik Bears . . . Aber diese Regel gilt nur für das Original-Premiumversum. Im Universum F333 gehört er zu einem Team, das seinen DNA-Spender ehrt, den Gagar Insanes. Im Universum G33 gewannen die USA anstelle der UdSSR das Rennen um den ersten Menschen im All, deshalb heißt Ruslan dort Tommy McCoy.
loc_char_oso_15_descr;„Ich gagarine euch zu Tode!“
loc_char_oso_16_bio;Ein Nutzer des Interdimensionsgeräts Xplora hat ein kleines Wunder gewirkt und den Unübertrefflichen noch unübertrefflicher gemacht. Die Auswirkungen von körperlichem Training, die durch das Multiversum übertragen werden, haben dazu geführt, dass Ruslan Antonov sich entwickelte und noch leistungsfähiger wurde. Jetzt gehört er zu den schnellsten Spielern, die das Multiversum je gesehen hat, und er ist viel geschickter als der ursprüngliche Ruslan. Es ist wahrscheinlicher, ein blaues Kamel durch den Kuipergürtel ziehen zu sehen, als diese Version von Ruslan Antonov anzutreffen. Der Xplora-Nutzer muss wie wahnsinnig trainiert haben. Und das ganze Multiversum sollte sich bei ihm bedanken: Jetzt können wir einen Spieler bewundern, der sich fast mit Lichtgeschwindigkeit bewegt.
loc_char_oso_16_descr;„Mit der Geschwindigkeit, die ich jetzt schaffe, kann ich die Umlaufbahn um Plantigrad verlassen . . . und sogar mein Universum.“
loc_char_mutant_00_bio;Er fraß pochierte Eier, die mit der Strahlenstaupe infiziert waren, und seine DNA verwandelte ihn in einen humanoiden Kakadu. Er hat einen scharfen Schnabel, mit dem er seine Gegner provoziert, und er ist überzeugt, dass der Sieg für seine Mannschaft nur noch eine Eilänge entfernt ist, wenn er aufs Spielfeld kommt. Der Humanoid-Kakadu-Hybride gehört im Original-Premiumversum zur Mannschaft der Radiostar Freaks und plustert sich auf wie ein Truthahn, um seine Siege zu feiern.  In anderen Parallelwirklichkeiten erlebt er parallele Schicksale. Im Universum G595 hat ihm sein niedliches Aussehen einen Platz im Team der Toxic Cuties eingebracht, das aus Mutanten zum Knuddeln besteht. Tragischerweise hat man im Universum N2512, der Parallelwirklichkeit, in der immer Weihnachten ist, seit dem letzten Weihnachtsschmaus nichts mehr von ihm gesehen oder gehört.
loc_char_mutant_00_descr;„Nach dem Ei kommt die Henne, nach der Henne kommt der Sieg.“
loc_char_mutant_01_bio;Ahreaks wurde durch die Strahlenstaupe in eine humanoide Ameise verwandelt und nutzt ihre Arbeiterinnen-Mentalität im Mittelfeld. Dabei denkt sie kollektiv und betrachtet die Mannschaft als ihren Ameisenstaat. In den meisten Parallelwirklichkeiten ist Ahreaks in einer riesigen Zuckerdose gefangen. Im Original-Premiumversum dagegen spielt sie mit ihren kräftigen Mandibeln für die Radiostar Freaks. Im Universum D303 gehört sie zur Startaufstellung der Bizarre Sisters. Und in V384 hat sie mit Pavel Kirillovich ein komisches Tag-Team gegründet, das Kritiker und Zuschauer begeistert.
loc_char_mutant_01_descr;„Die Einzelne ist unwichtig. Nur die Mannschaft zählt.“
loc_char_mutant_02_bio;Die Strahlenstaupe modifizierte seine DNA mit Fledermaus-, Orang-Utan- und Sittich-Genen. Er sieht freundlich und entspannt aus, aber der Schein trügt. Er wird sehr schnell wütend, vor allem wenn er provoziert wird. Dank seiner irren Fähigkeiten ist der haarige Riese in Mannschaften aus vielen Parallelwirklichkeiten vertreten. Im Original-Premiumversum spielt er für die Radiostar Freaks. In G595 darf er mit seinem niedlichen Teddy-Look bei den Toxic Cuties nicht fehlen. In K855 dagegen ist er ein Virtuose auf dem Kannibalenakkordeon.
loc_char_mutant_02_descr;„Alle wollen mich knuddeln, bis sie merken, dass ich ihnen die Knochen breche.“
loc_char_mutant_03_bio;Als Baby steckte er sich mit der Strahlenstaupe an, die seine DNA modifizierte und ihn zu einem radioaktiven Sterblichen mit hyperentwickeltem Gehirn im Körper eines mutierten Kleinkindes machte. Dieser kleine Kerl hat es nicht leicht, in den multiplen Parallelwirklichkeiten eine Mannschaft zu finden. Nur die Welten, in denen die Trainer sein verdächtiges Äußeres durchschauen, kommen in den Genuss seiner Finesse auf dem Spielfeld.  Er gehört zu den Radiostar Freaks, aber im Universum F495 spielt er auch in einer Mannschaft, deren Mitglieder nur eins gemeinsam haben: Sie schmecken alle nach Räucherlachs (wenn sie gegen die Bären spielen, kann es ziemlich rau zugehen).
loc_char_mutant_03_descr;„Alle Babys sind schön ... Aber nicht alle werden sterbliche radioaktive Mutanten wie ich.“
loc_char_mutant_04_bio;Man sagt, dass sie aus einer adligen Familie stammt, aber die Strahlenstaupe bekam und vor Scham aus ihrer noblen Umgebung floh. Für eine monoorganische Mutante (ein einziges Organ - in diesem Fall ein Auge - übernimmt alle Funktionen eines Individuums) wie Sedruol ist immer alles einfach. Sie hat das Spiel klar im Blick und kann die Bewegungen ihrer Gegner wie eine Hellseherin vorhersagen. Sehen heißt glauben. Man trifft selten alternative Versionen von Sedruol in Universen an, wo es keinen Großhandel mit Augentropfen gibt. Zum Glück ist das im Original Premiumversum der Fall, wo Sedruol eine Pro-Mutanten-Aktivistin ist und für die Radiostar Freaks spielt. In anderen Parallelwirklichkeiten kann man sie auch in einer Handvoll Mannschaften wie den Bizarre Sisters oder den Morpho Blobs antreffen. Im Universum R984 sitzt sie im Knast, weil sie einen Alienspieler mit Augenpopel bewarf und ihn damit schwer am Kopf verletzte.
loc_char_mutant_04_descr;„Anstarren ist noch das Angenehmste, was ich mit meinen Gegnern mache.“
loc_char_mutant_05_bio;Bymheads ist ein Beispiel dafür, was passiert, wenn man Alien-DNA aus verschiedenen Galaxien mit Virusstrahlung mischt. Eine unmögliche und äußerst unberechenbare Kreatur - man weiß nie, welche Fähigkeit oder welches Verhalten er als nächstes einsetzt. In 80 % aller Parallelwirklichkeiten sitzt er für Verbrechen ein, die etwas mit der Quantenveränderung der Realität für unerlaubten Gewinn zu tun haben. Aber nicht jede Version dieses unbeschreiblichen Mutanten ist ein Betrüger. Die Radiostar Freaks profitieren von seinen Spielfähigkeiten im Original-Premiumversum. Im Universum E384 gehört er zu den Morpho Blobs, den unförmigsten aller Mutanten. In F484 dagegen wurde er bei der Wahl zum Mr. Universum als Mr. Charmeur nominiert.
loc_char_mutant_05_descr;„Während du noch überlegst, was ich bin, hab ich dich schon längst über den Tisch gezogen.“
loc_char_mutant_06_bio;Ein anarchistisches Super-Säugetier mit radioaktiven Genen und mieser Laune. Scimpheak lebte als Hausbesetzerin in Leeds und hat sich mit den Ellbogen und ihrem langen Hals den Aufstieg in Aces of the Multiverse erkämpft. Heute gehört sie zu den besten Spielern. Außer im Universum D484, wo die Jagd auf Giraffen erlaubt ist, auch wenn sie einen IQ von über 120 haben, ist jede Version von Scimpheak eine erfolgreiche Spielerin von Aces of the Multiverse. Im Original-Premiumversum verlässt sie ihre besetzte Bude nur, um mit den Radiostar Freaks zu trainieren. In G232 ist sie an einem Pottwalknochen erstickt.
loc_char_mutant_06_descr;„Schau mir in die Augen, Kleiner, dann spuck ich dir hinein.“
loc_char_mutant_07_bio;Eine interdimensionale Übertragung hat seine Leistung deutlich gesteigert, und jetzt fliegen die Federn. Diese ei-ntwickelte Version von Aivlys ist stärker und geschickter, dank des Trainings eines Xplora-Nutzers. Man sieht diese alternative Version von Aivlys nicht oft, aber hier ist er. Seine Entwicklung wurde durch die intensive körperliche Anstrengung des Besitzers eines Xplora-Interdimensionsgeräts in einer Parallelwelt ermöglicht. Nur auf diesem Weg können die erstaunlichen Leistungssteigerungen durch das Multiversum gereist sein, sodass der ursprüngliche Aivlys davon profitieren konnte.
loc_char_mutant_07_descr;„Mit mehr Stärke und mehr Geschick bin ich hier erst recht der Hahn im Korb. Die Show kann begi-ikerikinnen.“
loc_char_mutant_08_bio;Ahreaks erhielt eine bedeutende Quantenübertragung von erhöhter Leistungsfähigkeit von einem Nutzer des Xplora-Interdimensionsgeräts und entwickelte sich daraufhin weiter. Jetzt bewegt sie sich noch schneller, und ihr technisches Geschick ist auch besser geworden. Das ungeheuere Tempo der ursprünglichen Ahreaks hat noch zugenommen, und Evo-Ahreaks gehört zu den schnellsten Spielern in diesem Turnier.  Aber ihr übriges Können auf dem Spielfeld ist ebenfalls besser geworden. Das ist sehr ungewöhnlich. Nur das intensive Training eines anonymen Xplora-Nutzers in einem weit vom Zuhause der ursprünglichen Ahreaks entfernten Universum kann so viel Quanteninformation durch das Mulitversum geschickt und Ahreaks‘ Moleküle zu dieser Entwicklung angeregt haben. 
loc_char_mutant_08_descr;„Ich bewege mich schneller, meine Koordination ist besser - ich habe mir ein Stück Zucker verdient.“
loc_char_mutant_09_bio;Uqueols entwickelt sich zum besseren Schützen: Seine Zellmoleküle haben die Leistungsfähigkeit eines unbekannten Nutzers des Interdimensionsgeräts Xplora absorbiert. Uqeols hat uns mit seinem knuffigen Äußeren überzeugt, jetzt wird Evo-Uqueols mit seiner höheren Trefferquote noch überzeugender. Man sieht diesen entwickelten Spieler selten: Damit er existieren kann, muss jemand in einer Parallelwirklichkeit hart trainieren und ein Xplora-Interdimensionsgerät verwenden, um den Nutzen dieses Trainings quer durchs Multiversum zu schicken.
loc_char_mutant_09_descr;„Ja, bewundere nur meinen seidigen Pelz - inzwischen trifft dich der Ball zwischen den Augen.“
loc_char_mutant_10_bio;Das Training eines Nutzers eines Xplora-Interdimensionsgeräts in einem anderen Universum wirkte sich direkt auf God aus, er entwickelte sich weiter. Der Nutzen dieses Trainings reiste durch das Multiversum und verbesserte seine Zielgenauigkeit. Derart geschickte Babys zu sehen ist seltsam, aber ein God Evo ist noch seltsamer. Um diese alternative Version des Spielers zu erschaffen, musste ein/e Xplora-Nutzer/in seiner/ihrer eigenen Welt trainieren, und der Nutzen dieser Anstrengung wurde durch die Quantenverschränkung in das Universum des ursprünglichen God übertragen. Jetzt können wir seinen neuen, verbesserten Stil bewundern: schnell wie gewohnt, aber viel treffsicherer.
loc_char_mutant_10_descr;„Andere Babys schmeißen einfach ihren Schnuller auf den Boden, aber für mich fliegt der Ball genau dorthin, wo ich ihn haben will.“
loc_char_mutant_11_bio;Ein anonymer Nutzer in einem weit entfernten Universum hat so viel Sport getrieben, dass er der ursprünglichen Sedruol einen gesunden Leistungsschub schicken konnte. Die entwickelte Sedruol zielt genauer und ist viel geschickter. Wer ihren Blick verstörend findet, kann beruhigt sein: Evo-Sedruol wird nur selten gesichtet, auf den meisten Spielfeldern tritt sie gar nicht in Erscheinung. Aber wer ihre Eleganz mag und ihre genaueren Schüsse und besseren Fähigkeiten schätzt, sollte sich bei dem Nutzer des Xplora-Interdimensionsgeräts bedanken, der trainiert und ihr diese Verbesserungen quer durch das Multiversum zugeschickt hat.
loc_char_mutant_11_descr;„Wer Augen hat zu sehen, der sehe, wie ich schieße und den Ball kontrolliere.“
loc_char_mutant_12_bio;Die vielen unbeschreiblichen Gliedmaßen, aus denen Bymheads‘ Körper besteht, wäre eine Herausforderung für das Nervensystem eines jeden Lebewesens. Aber dank des Trainings eines Xplora-Nutzers in einer anderen Dimension hat sich Bymheads zu einem treffsicheren Schützen entwickelt. Der ursprüngliche Bymheads ist selten genug, ein Evo-Bymheads ist noch seltener. Die Quantenwahrscheinlichkeit, dass ein Xplora-Interdimensionsgerät den Nutzen aus dem Training seines Nutzers an einen Bymheads schickt, ist sehr gering. Aber es kann vorkommen, und in diesem Fall war es so. Man kann seinen neuen, verbesserten Spielstil nur bewundern: so schnell wie immer, aber mit höherer Treffergenauigkeit.
loc_char_mutant_12_descr;„All diese Arme zu koordinieren und zu schießen, ist nicht einfach, Jungs, aber jetzt kriege ich das viel besser hin.“
loc_char_mutant_13_bio;Die Launen der Quantenverschränkung haben es gut mit Scimpheak gemeint und ihre Schuss- und Spielfähigkeiten entwickelt. Der Xplora-Nutzer, der ihr diese Leistungssteigerung geschickt hat, ist wirklich über sich hinausgewachsen. Eine Giraffoide, die sich so schnell bewegt wie die ursprüngliche Scimpheak, ist seltsam genug, aber Evo-Scimpheak beim Schießen und bei der Ballkontrolle zu sehen, ist noch viel seltsamer. Der Nutzer, der diese Entwicklung mit seinem Xplora-Interdimensionsgerät durch das Multiversum übertragen hat, muss wirklich ernsthaft trainiert haben: gut für ihn, aber ohne Zweifel auch für Evo-Scimpheak.  
loc_char_mutant_13_descr;„Jetzt kann ich besser schießen und den Ball kontrollieren, und mein steifer Hals ist auch weg.“
loc_char_mutant_14_bio;Irgendwo im Multiversum hat der anonyme Nutzer eines Xplora-Interdimensionsgeräts sich wirklich Mühe gegeben. Und dieses intensive Training hat in dieser Parallelwirklichkeit sein Ziel gefunden: Ultra-Evo-Ahreaks ist stärker und geschickter und zielt besser. Jetzt gehört sie nicht nur zu den schnellsten Spielern, sie hat auch unglaubliche Werte in anderen Fähigkeiten. Aber diese Version von Ahreaks ist so selten wie eine Ameise mit Diabetes, wenn wir sie also antreffen, sollten wir uns glücklich schätzen und dem Xplora-Nutzer danken, der sich so sehr angestrengt hat, damit diese Spielerin sich entwickeln konnte.  
loc_char_mutant_14_descr;„Wenn Kinder auf Ameisen herumtrampeln, dann sagt ihnen: ‚Wie würdet ihr es finden, wenn Ultra-Evo-Ahreaks auf euch herumtrampeln würde?‘“
loc_char_mutant_15_bio;Zapiram wurde auf dem Planeten Protozoolia geboren und sah ursprünglich aus wie ein Amöbomorph, also eine 60 kg schwere Zelle, eine Riesenamöbe. Sie bekam die Strahlenstaupe, ihre DNA wurde mit Homo-sapiens-Genen verseucht und zu ihrem Entsetzen mutierte sie zur Humanoiden. Wenn sie jetzt in den Spiegel schaut, vermisst sie jedes Mal ihre plastische Protozoen-Gestalt, was ihr vor dem Spiel die nötige Wut bringt. In vielen alternativen Wirklichkeiten ist diese stratosphärische Spielerin noch immer ein Protozoon. Aber in ein paar glücklichen Universen wurde sie durch die humanoide Mutation zum Star bei Aces of the Multiverse. Wer in der richtigen Parallelwirklichkeit lebt, kann ihr Spielgeschick in Teams wie den Bizarre Sisters bewundern.
loc_char_mutant_15_descr;„Ich habe mein altes Aussehen verloren, dafür lasse ich jetzt die Gegner alt aussehen.“
loc_char_mutant_16_bio;Eine leistungssteigernde interdimensionale Übertragung hat die Entwicklung dieser starken Spielerin ausgelöst. Evo-Zapiram ist schneller, als man es für möglich hielt, und ihre Zielgenauigkeit ist ebenfalls besser geworden. Das Team, für das Evo-Zapiram spielt, kann sich besonders glücklich schätzen, denn ihre Existenz ist äußerst unwahrscheinlich. Der Nutzer eines Xplora-Interdimensionsgeräts, der das unglaubliche Training absolviert hat, das nötig war, um diese Entwicklung voranzubringen, verdient Standing Ovations. Also herzlichen Glückwunsch, großes Ass, wo auch immer du bist.
loc_char_mutant_16_descr;„Auf dem Spielfeld nehme ich dich schneller auseinander, als du schauen kannst.“
loc_char_robot_00_bio;Er hat sein Stampfsystem mit dem Stiefel des ersten Gegners aufgebaut, den er auf dem Spielfeld niedermachte. Manche glauben sogar, dass der Fuß dieses unglücklichen Gegners noch in dem Stiefel steckt. Die einzige Möglichkeit das herauszufinden, wäre, ihn auseinanderzunehmen, aber das wird Summerstride in absehbarer Zeit nicht tun. Mit oder ohne Stiefel - das rechteckige Gehäuse dieses Roboters gibt unter Druck nicht leicht nach, was erklärt, warum er in vielen alternativen Wirklichkeiten in den Bergwerken auf Gasriesen arbeitet. Im Original-Premiumversum und einer Handvoll anderer glücklicher Multiversen wird Summerstrides Härte von den besten Teams hoch geschätzt. Man findet ihn bei den Electro Killers, den Robo Dancers und anderen zusammengewürfelten Haufen. 
loc_char_robot_00_descr;„Ich arbeite nach dem folgenden Algorithmus: Wer mir den Ball ab nimmt, bekommt meinen Stiefel ins Gesicht.“
loc_char_robot_01_bio;Er ist stolz darauf, ein Selfmade-Roboter zu sein ... und das ist wörtlich zu nehmen!  Er begann als kleiner Roboter-Finger, der für seinen Lebensunterhalt Schrott sammelte. Nach und nach baute er sich einen ganzen Körper aus den überzähligen Metallstücken, die er in einer Keksdose sammelte. Heute ist er ein Spitzenspieler, ein Vorbild für alle, die gerade erst anfangen und Motivation brauchen. Der selbstgebaute Roboter war nicht allen Multiversen so erfolgreich. Im Universum Z842 hat ihn ein fehlerhaftes Bauteil zu einem Leben als Keksdose verurteilt. Im Original-Premiumversum sind all seine Schaltkreise perfekt zu einem fantastischen Spieler von Aces of the Multiverse verdrahtet, und das gilt auch für R384, wo er für Pseudochips Mix spielt. 
loc_char_robot_01_descr;Allen, die sagen, dass es schwer ist, Aces of Universe zu spielen, gebe ich den Auftrag, auf der Elektronikschrottkippe zu arbeiten
loc_char_robot_02_bio;Er wurde als Robbie9 auf einem verbotenen Planeten entwickelt und stand im Dienst eines verrückten Wissenschaftlers, der die Kinder eines berühmten Forschers entführen wollte. Jetzt ist er endlich frei, hat seinen Sklavennamen abgelegt und will nur noch Aces of the Multiverse spielen, um seiner zwielichtigen Vergangenheit zu entkommen. Die Sehnsucht nach Freiheit ist so stark, dass Freesteam fast in jeder Parallelwirklichkeit dasselbe tut: Er spielt Aces of the Multiverse. Diese kosmische Mission hat Freesteam in die Startaufstellug der Electro Killers, der Robo Dancers und vieler anderer Teams in verschiedenen Universen gebracht. Nur in wenigen lebt der mechanische Träumer noch als Sklave auf einem verbotenen Planeten und sinnt ununterbrochen auf Freiheit und Rache.
loc_char_robot_02_descr;„Sie können ein Softwareupdate von mir verlangen, aber meine Freiheit können sie mir nicht nehmen.“ 
loc_char_robot_03_bio;"Dieser Roboter wurde entwickelt, um planetenzerstörende Atomwaffen zu zünden, aber seine tödlichen Schaltkreise wurden vor der Befreiung der Roboter entfernt. Jetzt spielt er tagsüber Aces of the Multiverse und versucht nachts, diese ausgebauten Komponenten wieder zu beschaffen, denn ohne sie fühlt er sich leer. Was wird er tun, wenn er sie findet? Wir wären dann lieber auf einer anderen Ebene des Multiversums, wenn es so weit ist. In mehreren Universen - niemand weiß genau, in wie vielen - hat Snakegrain es geschafft, seinen Quanten-Atomsprengkopf neu zu montieren und einen Planeten zu zerstören; dabei hat er auch gleich sich selbst vernichtet. In allen anderen Parallelwirklichkeiten kämpft er hart auf dem Spielfeld und sucht außerhalb nach seinen Bauteilen. Nur im Hippie-Universum H832 hat Snakegrain gelernt, dass die Liebe stärker ist als der Hass. Diesen Spieler sollte man gut im Auge behalten."
loc_char_robot_03_descr;„Gegen mich wird das immer ein Bombenspiel.“
loc_char_robot_04_bio;"In seiner Zeit als Sklave war seine einzige Aufgabe, dafür zu sorgen, dass der CEO von Third Kind Industries immer genügend Toilettenpapier im Bad hatte. Nach seiner Befreiung mussten seine Software und das Gehäuse einer Tiefenreinigung unterzogen werden, damit er wieder an sich glauben konnte. Was ihm aber wirklich gezeigt hat, dass sein Leben einen Sinn hat, war das Spiel Aces of the Multiverse. Nicht in allen Universen sind die Roboter wirklich unabhängig geworden, deshalb putzt Ironthorn in manchen immer noch Toiletten. In anderen hat er aber sein Gefühl für Hygiene behalten; es ist also nicht ungewöhnlich, dass er mitten auf dem Spielfeld stehen bleibt und einem Gegner das Hinterteil poliert. Er ist im Allgemeinen ein fähiger Spieler und zeigt das im Original-Premiumversum bei den Electro Killers."¡
loc_char_robot_04_descr;„Du brauchst Klopapier? Kauf dir welches!“
loc_char_robot_05_bio;Kann ein innovativer Gesundheitsroboter, der auf Geburtshilfe spezialisiert ist, zum ungestümen Spieler von Aces of the Multiverse werden? Auf jeden Fall! Nach der Befreiung der Roboter verwandelte dieser Androide seine liebevollen Zangenhände, die dazu gedacht waren, Neugeborene zu streicheln, in tödliche Waffen, mit denen er seine Gegner glatt halbieren kann. Die alternativen Versionen dieses Roboters, die Aces of the Multiverse spielen, sind viel erfolgreicher als diejenigen, die in anderen Parallelwirklichkeiten noch immer Geburtshilfe praktizieren. Bei den Electro Killers half er einer Zuschauerin bei der Entbindung , als mitten im Spiel ihre Fruchtblase platzte, und schoss gleich anschließend vier Tore. Man findet ihn auch unter den Farben der Pseudochips Mix und in anderen Teams.  
loc_char_robot_05_descr;„Meine Zangen streicheln dich bis auf die Knochen.“
loc_char_robot_06_bio;Während seiner Sklavenzeit lebte er in einer Lagerhalle, weil sein Betriebssystem kommerziell nie so erfolgreich wurde wie das seiner Konkurrenten und sich nie ein Käufer für ihn fand. Nach der Befreiung musste er ausziehen und seine Bestimmung suchen, die er bald fand: Aces of the Multiverse spielen! In einer Schachtel zu stecken ist kein annehmbares Schicksal für ein Wesen mit Bewusstsein, deshalb ist Distantglade in praktisch jeder Parallelwirklichkeit aus seinem Gefängnis ausgebrochen und hat sein Ausnahmetalent für Aces of the Multiverse bewiesen. Nur im Universum X484 bleibt er in seiner Schachtel, denn dort hat er Platzangst entwickelt.
loc_char_robot_06_descr;„Ich mag keine Leute ohne Metall im Körper. Deshalb pumpe ich sie mit Blei voll.“
loc_char_robot_07_bio;Summerstride hat sich entwickelt, nachdem er eine Übertragung für höhere Leistungsfähigkeit vom anderen Ende des Universums bekommen hat. Die auffälligste Verbesserung ist seine Geschwindigkeit, die doppelt so hoch ist wie beim ursprünglichen Summerstride. Der Xplora-Nuter, der diese Entwicklung ermöglicht hat, hat seine Sache gut gemacht. Diese alternative entwickelte Version von Summerstride mit seiner erstaunlichen Geschwindigkeit und großem Geschick ist selten. Wer auch immer diesen überdimensionalen Leistungsschub geschickt hat, muss dabei mächtig geschwitzt haben, und wir sind diesem fleißigen Xplora-Nutzer sehr dankbar.
loc_char_robot_07_descr;„Ich glaube fast, mein Vater war eine Kugel.“
loc_char_robot_08_bio;Dank dem Nutzer eines Xplora-Interdimensionsgeräts, der sich wirklich sehr verausgabt hat, konnte Havenscream sich entscheidend weiterentwickeln. Jetzt ist er fast doppelt so schnell wie das Original und hat zudem noch bessere Fähigkeiten. Damit diese entwickelte Version von Havenscream möglich wird, muss ein anonymer Besitzer eines Xplora-Interdimensionsgeräts lange und hart trainiert haben - das ist die einzige Erklärung dafür, wie erstaunlich schnell und geschickt dieser Spieler geworden ist. Deshalb ist es so ungewöhnlich, irgendwo im Universum auf einen Evo-Havenscream zu treffen.
loc_char_robot_08_descr;„Wenn ich so schnell gewesen wäre, als ich noch jung war, hätte ich mich sehr gefreut.“
loc_char_robot_09_bio;Freesteam hat sich entwickelt und ist schneller und geschickter geworden. Er hat von einer leistungssteigernden Übertragung aus einer anderen Parallelwirklichkeit profitiert, dank der Xplora-Interdimensionsgeräte und der körperlichen Anstrengung eines unbekannten Nutzers. Es erscheint vielleicht seltsam, aber wenn jemand in einer vergessenen Ecke des Multiversums ins Schwitzen gerät, kann das die Spielfertigkeiten eines Roboters in einer Parallelwirklichkeit verbessern. Das ist mit Evo-Freesteam passiert, aber es kommt nicht oft vor. Ohne den Xplora-Nutzer, der sich so verausgabt und den Nutzen davon mit einem Interdimensionsgerät übertragen hat, gäbe es keinen Evo-Freesteam.
loc_char_robot_09_descr;„Wenn Macht Freiheit bedeutet, dann bin ich jetzt freier als je zuvor.“
loc_char_robot_10_bio;Die Quantenverschränkung hat die Moleküle von Snakegrains Schaltkreisen mit den Zellen eines Nutzers eines Xplora-Interdimensionsgeräts verbunden, und daraufhin hat sich der kleine Kerl zu einem der schnellsten Roboter entwickelt, die das Multiversum je gesehen hat. Wer seine Pläne beunruhigend findet, braucht sich keine Sorgen zu machen. Man trifft ihn nur selten irgendwo im Multiversum an. Um diese ultraschnelle entwickelte Version von Snakegrain zu schaffen, musste ein Xplora-Nutzer sehr intensiv trainieren und den Nutzen daraus quer durch das Multiversum übertragen. Nachdem es jetzt Evo-Snakegrain gibt, können wir seine Fähigkeiten im Spiel bewundern und dabei vergessen, dass er in seiner Freizeit das Universum zerstören will.
loc_char_robot_10_descr;„Jetzt kann ich mich noch schneller bewegen. Aber bin ich schnell genug, wenn meine Atombombe explodiert?“
loc_char_robot_11_bio;Diesmal hat die interdimensionale Quantenverschränkung Ironthorne bevorzugt, dessen Entwicklung sich vor allem in seinem höheren Tempo zeigt. Er hat eine leistungssteigernde Übertragung erhalten, die aus einer unbekannten Wirklichkeit, in der der Nutzer eines Xplora-Geräts trainierte, gesendet wurde. Diese entwickelte Version von Ironthorne ist ungewöhnlich. Man findet ihn kaum irgendwo im bekannten Multiversum. Aber ungewöhnlich heißt nicht unmöglich. Jemand, der ein Xplora-Interdimensionsgerät nutzt, hat ihm zu seiner Existenz verholfen, indem er den Nutzen seines Trainings weitergegeben hat. Und hier ist er, damit wir alle ihn bewundern können.
loc_char_robot_11_descr;„Wenn ich schon kaputtgehe, dann weil meine Schaltkreise vom schnellen Rennen durchbrennen.“
loc_char_robot_12_bio;Leafreaper präsentiert sein neues, entwickeltes Selbst, nachdem er eine große Leistungssteigerung von einem Xplora-Nutzer erhalten hat, der irgendwo im Multiversum trainiert. Die auffälligste Neuerung ist sein erhöhtes Tempo. Evo-Leafreaper ist ein ungewöhnlicher Spieler, den man selten irgendwo auf dem Spielfeld sieht. Aber eine Person mit einem Xplora-Interdimensionsgerät und dem eisernen Willen zu trainieren, hat ihn möglich gemacht. Jetzt können wir seine großartigen metallischen Bewegungen in nie dagewesenem Tempo bewundern-
loc_char_robot_12_descr;„Meine neue Geschwindigkeit ist die Fläche des Spielfelds geteilt durch die kürzeste Zeit, die ich brauche, um ein Tor zu schießen.“
loc_char_robot_13_bio;Das intensive Training eines Nutzers des Xplora-Interdimensionsgeräts hat sich am anderen Ende des Multiversums ausgewirkt. Distantglade erhielt eine bedeutende leistungssteigernde Übertragung, hat sich entwickelt und dabei vor allem an Tempo dazugewonnen. Damit dieser Distantglade existieren kann, muss der Besitzer eines Xplora-Interdimensionsgeräts wirklich ins Schwitzen gekommen sein, bevor er einen so großen Nutzen aus seiner Aktivität in eine andere Dimension schicken konnte. Evo-Distantglade ist ein ungewöhnlicher Spieler und ist selten anzutreffen, wir haben also Glück, ihn hier zu sehen. 
loc_char_robot_13_descr;„Ich weiß immer noch nicht, was eigentlich meine Funktion war, aber ich könnte sie jetzt schneller ausführen.“
loc_char_robot_14_bio;Ein Xplora-Interdimensionsgerät hat gerade eine massive leistungssteigernde Übertragung direkt an Freesteam geschickt und dabei sein Tempo und seine Schussfähigkeiten dramatisch verbessert. Diese entwickelte Version von Freesteam ist sehr ungewöhnlich, wir können uns also freuen, dass er hier ist. Und wir verdanken diese Ehre dem Xplora-Nutzer, der so viel trainiert hat, dass diese Quantenverschränkung am anderen Ende des Multiversums Wirklichkeit wurde.
loc_char_robot_14_descr;„Wenn du rechts von mir stehst, kann ich einen Stein mit so viel Kraft nach links werfen, dass er einmal um den Planeten kreist und dich umhaut.“ 
loc_char_robot_15_bio;"Er hatte keine Lust mehr, den Menschen zuzuschauen, die sich Roboterteile einbauten, um ihren Körper zu verbessern (also Cyborgs wurden), und tat als erster Roboter das Gegenteil: Er verstärkte seine Hardware mit menschlichen Organen. Er hat eine Lunge, um den Ausstoß von Gasen zu optimieren, eine Hirnanhangdrüse, um Moleküle aufzuspüren, und einen Dickdarm, von dem seinen Gegnern schlecht wird; damit ist er der erste Roborg, der je gebaut wurde. Dieses Roboter-Ass ist in den meisten alternativen Wirklichkeiten kaum zu finden, denn einem Roboter Organe einzupflanzen ist technisch viel komplexer als Roboterteile in einen Menschen einzubauen. Wer jemals Gelegenheit hat, ihn mit Mannschaften wie den Pseudochips Mix im Universum R384 oder den Robo Dancers von B848 zu sehen, wird umgehauen. "
loc_char_robot_15_descr;„Ich habe auch eine weiche Seite, aber das ist nicht die, mit der ich dich zerquetsche.“ 
loc_char_robot_16_bio;Dieses mächtige Roboter-Ass hat eine bedeutende leistungssteigernde Übertragung erhalten und sich daraufhin zu einem der schnellsten Spieler im Turnier entwickelt. Einen Original-Downjumper sieht man selten, aber einen Evo-Downjumper ist schwerer zu finden als eine Nadel im Heuhaufen. Der Besitzer eines Xplora-Interdimensonsgeräts hat sich wirklich angestrengt, um diesen Spieler Wirklichkeit werden zu lassen. Jetzt können wir uns über das extra hohe Tempo dieses unglaublichen Athleten freuen. 
loc_char_robot_16_descr;„Meine menschliche Seite fühlt sich wohl, meine Roboter-Seite kann besser rechnen.“
loc_char_martian_00_bio;
loc_char_martian_00_descr;
loc_char_martian_01_bio;
loc_char_martian_01_descr;
loc_char_martian_02_bio;
loc_char_martian_02_descr;
loc_char_martian_03_bio;
loc_char_martian_03_descr;
loc_char_martian_04_bio;
loc_char_martian_04_descr;
loc_char_martian_05_bio;
loc_char_martian_05_descr;
loc_char_martian_06_bio;
loc_char_martian_06_descr;
loc_char_martian_07_bio;
loc_char_martian_07_descr;
loc_char_martian_08_bio;
loc_char_martian_08_descr;
loc_char_martian_09_bio;
loc_char_martian_09_descr;
loc_char_martian_10_bio;
loc_char_martian_11_descr;
loc_char_martian_12_bio;
loc_char_martian_12_descr;
loc_char_martian_13_bio;
loc_char_martian_13_descr;
loc_char_martian_14_bio;
loc_char_martian_14_descr;
loc_char_martian_15_bio;
loc_char_martian_15_descr;
loc_char_martian_16_bio;
loc_char_martian_16_descr;
loc_char_pr_00_bio;Gibt es ein Paralleluniversum, in dem die Hauptfigur aus „Alice im Wunderland“ wirklich existiert? Also, fast wirklich. Denn diese Alice hat das weiße Kaninchen erlegt, dem Hutmacher den Zylinder gestohlen und der Herzkönigin den Kopf abgeschlagen, und als sie zurückkam, hatte sie große Lust, bei Aces of the Multiverse eine Mannschaft auf Vordermann zu bringen.
loc_char_pr_00_descr;„Märchen sind nicht mein Ding.“
loc_char_pr_01_bio;In anderen Universen stricken Omas Strümpfe. Im Universum von Nancy Neutrino entwickeln Omas Ultraschall-Jetpacks. Nancys Oma hat das Geheimnis ihres Quantenreaktionsrucksacks mit ins Grab genommen, mit dem sie die erste Person werden könnte, die schneller reist als das Licht ... Das Problem ist, wie bei allen Quantenelemente, dass alles vom Zufall abhängt. Nancy Neutrino weiß nicht, wann ihr Jetpack sich aktiviert, deshalb legt sie es nie ab. Die Wartezeit bis zu diesem glorreichen Tag vertreibt sie sich damit, Aces of the Multiverse zu spielen.
loc_char_pr_01_descr;„Aces of the Multiverse spielen ist einfach... wenn du nicht gerade gegen mich spielst.“ 
loc_char_pr_02_bio;Man sollte sich nicht von ihrer zarten Erscheinung täuschen lassen. Flower ist in einem Blumenuniversum aufgewachsen, was sehr hübsch sein kann ... wenn man von der erstickende Atmosphäre mit reichlich CO2 und wenig Sauerstoff, den hochentwickelten, giftigen oder anders tödlichen Rieseninsekten oder den lebensgefährlichen Pollenstürme absieht. Flower hat Aces spielen gelernt, um ihrer Parallelwirklichkeit zu entkommen und alle ihre Geschwister mitzunehmen. Daher ihre Spielweise: Sie sieht darin ihr Leben.
loc_char_pr_02_descr;„Wenn du dich damit aufhältst, an Blumen zu riechen, bekommst du nie den Duft des Sieges in die Nase.“
loc_char_pr_03_bio;Rosalievil Dark stammt von einer langen Reihe von Superschurken ab. Ihr Leben nahm eine neue Wendung, als ihr Vater verhaftet wurde - wenige Sekunden, bevor er kurzerhand alle möglichen Universen auslöschen konnte. Jetzt ist Rosalievil die letzte Dark in Freiheit, und in Anbetracht ihrer Gene lassen die Sicherheitsleute von Third Kind sie nicht aus den Augen. Der einzige Ort, an dem sie ihre Lust am Bösen vergessen kann, ist das Spielfeld.
loc_char_pr_03_descr;„Ich stehe nur früh auf, wenn ich vorhabe, das Universum zu vernichten.“
loc_char_pr_04_bio;Abitha ist schön. Sehr schön. So schön, dass ihr Gesicht alle, die es sehen, in den Wahnsinn treiben kann. Deshalb bleibt dieser Anblick ihren erbittertsten Feinden vorbehalten. Sonst trägt sie eine Kaninchenmaske, wie ein Wolf den Schafspelz trägt, als Hommage an eine Spielerin, die sie besonders bewundert: Juani Bunny.
loc_char_pr_04_descr;„Bevor du die Schönheit zerstörst, zerstört die Schönheit dich.“
loc_char_pr_05_bio;Kann man durch Bücher eine Elite-Spielerin werden? Ja, wenn man ein genetisch verbessertes Gehirn hat wie Messalina Leonidas. Sie liest Die Kunst des Krieges, In 10 Schritten zum „Aces of the Multiverse“-Star oder Gespräche mit Zapiram und setzt die Daten, die sie daraus extrahiert, in ihrem privilegierten Köpfchen in Bewegungen, Taktik und Technik um.
loc_char_pr_05_descr;„Ich kann deine Zukunft lesen: Sie steht in dem Buch über die Niederlage.“
loc_char_pr_06_bio;Die Macht der tiefen Gefühle, die Herzen zerreißen können und den Sturm im Inneren zum Heulen bringen, manifestiert sich in Emily in einer seltsamen Form: Je heftiger ihre Gefühle sie überwältigen, desto mehr Energie sammelt sich in ihren Zellen und desto besser spielt sie Aces of the Multiverse. Wer sie also besiegen will, sollte sie nicht zum Weinen bringen.
loc_char_pr_06_descr;„Hörst du den Regen auf das Glas tropfen? Das ist die Traurigkeit, die mich überkommt, weil ich dich besiegen muss.“
loc_char_pr_07_bio;Durch die Quantenverschränkung des Universums eines geheimnisvollen Benutzers mit dem von Alice über das Interdimensionsgerät Xplora wurde die Spielerin plötzlich stärker. Damit das geschehen konnte, musste der anonyme Nutzer reichlich anstrengenden Sport treiben.
loc_char_pr_07_descr;„Die letzte Waffel, die ich bei der Jagd nach dem weißen Kaninchen gegessen habe, hat mich stärker gemacht.“
loc_char_pr_08_bio;Es scheint unglaublich, das ein so zierliches Persönchen wie Nancy Neutrino plötzlich so viel Kraft gewonnen hat. Dahinter steckt ein anonymer Nutzer eines Xplora-Interdimensionsgeräts, der durch sein Training eine Quantenverschränkung ausgelöst hat. Je ernster diese Nutzer ihren Sport nehmen, desto besser werden unsere Spieler.
loc_char_pr_08_descr;„Ich merke schon, dass der Rucksack weniger wiegt.“
loc_char_pr_09_bio;Flower hat sich entwickelt, nachdem sie über ein Xplora-Interdimensionsgerät eine Übertragung von sportlichen Leistungen erhalten hat. Der deutlichste Fortschritt ist ihr Abschuss, die sie zu einer äußerst gefährlichen Spielerin macht. Der Xplora-Nutzer, dem diese Entwicklung gelungen ist, hat gute Arbeit geleistet.
loc_char_pr_09_descr;„Ich schicke dir keine Blumen mehr, jetzt hagelt es Schüsse.“
loc_char_pr_10_bio;Rosalievil hat sich entwickelt und an Ausdauer und Geschick zugelegt. Das liegt nur an der Kombination eines Xplora-Interdimensionsgeräts mit dem Training eines Nutzers. Diese hat die Leistungsübertragung über die Multiversen hinweg ermöglicht, von der die Spielerin profitiert hat.
loc_char_pr_10_descr;„Ich merke, dass ich jetzt geschickter bin und länger durchhalte... so kann ich länger gemein sein.“
loc_char_pr_11_bio;Abitha hat eine beachtliche Quanten-Leistungsübertragung erhalten, die fast dazu geführt hätte, dass sie die Maske fallen ließ. Sie kam von einem Nutzer des Interdimensionsgeräts Xplora, der durch sein körperliches Training die Entwicklung der Spielerin anregte. Ihr Widerstand und ihr Leben haben zugenommen und sie ist jetzt ein wirklich harter Brocken.
loc_char_pr_11_descr;„Man nennt Schönheit gern zerbrechlich, aber mich wirft auch eine Gammastrahlenexplosion nicht um.“
loc_char_pr_12_bio;Die Zufälle der Quantenverschränkung haben Messalina deutliche Vorteile gebracht. Ihre Stärke und ihr Abschuss haben sich klar verbessert. Der Xplora-Nutzer, der diese Leistung übertrug, hat sich wirklich angestrengt.
loc_char_pr_12_descr;„Sag nicht immer, dass dein Schicksal vorgezeichnet ist - ich kann es mit einem Schlag durcheinander bringen.“
loc_char_pr_13_bio;Ein anonymer Nutzer in einem fernen Universum hat sehr intensiv Sport getrieben. So konnte er Emily Emo Lee eine beachtliche Steigerung von Tempo und Widerstandskraft zukommen lassen.
loc_char_pr_13_descr;„Was mich fast umbringt vor lauter Emotionen, macht mich viel stärker.“
loc_char_pr_14_bio;Eine Leistungsübertragung durch das Multiversum hat vieles im Leben von Nancy Neutrino verändert. Endlich ist die Kontrolle der Quantenteilchen, die sie braucht, um ihr Jetpack nach ihren Wünschen zu benutzen, Wirklichkeit geworden. Und nicht nur das: Jetzt verfügt sie auch über Eigenschaften, die zu den mächtigsten des Turniers gehören. Das verdankt sie den vielen Stunden Sport, die der Nutzer eines Xplora-Interdimensionsgeräts getrieben hat.
loc_char_pr_14_descr;„Endlich funktioniert dieser Schrott, jetzt geben wir Gas!“
loc_char_pr_15_bio;Juani stammt aus einem mit Glückshäschen übervölkerten Universum, wo man seinen wahren Wert beweisen muss, um sich von all den vielen magischen Einwohnern abzuheben. Juani hat ihr besonderes Glück bewiesen, indem sie in Industriegebieten und auf Disco-Parkplätzen heimlich Aces spielte. Die Organisatoren der Liga Aces of the Multiverse wurden bald auf sie aufmerksam und schlugen ihr vor, eine Mannschaft anzuführen. Aber Glückshäschen sind von Natur aus schwer fassbar. Deshalb braucht man eben Glück, um eins im Team zu haben.
loc_char_pr_15_descr;„Ich habe genug Schneidezähne, um deine Glückssträhne abzuknabbern.“
loc_char_pr_16_bio;Es heißt, ein Unglück kommt selten allein, und das gilt auch für das Glück. Eine interdimensionale Leistungsübertragung hat die Entwicklung dieser starken Spielerin angeregt. Juani „Lucky“ Bunny hat die seltsame Spezialfähigkeit erhalten, das Glück aller Spieler auf dem Feld zu wenden. Und das verdankt sie nur dem ahnungslosen Nutzer eines Xplora-Interdimensionsgeräts, der in seiner Parallelwirklichkeit unbeirrbar trainierte.
loc_char_pr_16_descr;„Wir hatten Glück: Jetzt kommen wir schnell vorwärts.“
loc_eq_00_name;Electric Protection
loc_eq_00_info;Third Kind Industries hat diese Geräte auf Reisen in das Universum von John Jacob Astor IV. gefunden, das in dem Roman A Journey in Other Worlds beschrieben ist. Das Unternehmen patentierte sie sofort für den multiversumweiten Vertrieb in allen Wirklichkeiten, in denen Aces of the Multiverse gespielt wird.
loc_eq_00_descr;"Ein elektrifizierter Verteidigungskreis; deine Angreifer werden es sich noch einmal überlegen, bevor sie zuschlagen. +2 STÄRKE „Mit Elektroschutz fühle ich mich umso stärker, je mehr sie auf mich eindreschen.“ Moustakim Vitalievich"
loc_eq_01_name;Bio Energy
loc_eq_01_info;Seit ihrer Erfindung im Universum von Jonathan Swift, der sie in Gullivers Reisen beschrieb, wurde sie genutzt, um den Energiebedarf verschiedener Bevölkerungsgruppen zu decken. Sportingenieure haben sie angepasst, um die Leistung der Spieler auf dem Feld zu steigern. 
loc_eq_01_descr;Ein Medikament, das Energie aus dem Mikrobiom deines Organismus zieht, um Schlagkraft zu gewinnen. STÄRKE +2 „Es heißt, wir bestehen zu 90 % aus Wasser, aber mit Bio-Energie bestehen wir zu 90 % aus Energy-Drink.“ Aivlys
loc_eq_02_name;Wind Power Generation
loc_eq_02_info;Auch dieses Gerät hat sich Third Kind Industries auf Reisen in das Universum von John Jacob Astor IV. angeeignet, das in dem Roman A Journey in Other Worlds beschrieben ist. Die Sportingenieure im Original-Premiumversum haben es für das Spiel angepasst.
loc_eq_02_descr;Lenkt Luftzüge, um den Ball anzutreiben. +2 ABSCHUSS „Endlich eine Windquelle, die effektiver ist als radioaktive Bohnen aus der Dose.” Uqueols
loc_eq_03_name;Nexus 6 brain Unity
loc_eq_03_info;Die interdimensionalen Industriespione haben es geschafft, in der alternativen Wirklichkeit N232, in der die Erfindungen von Philip K. Dick materialisiert sind, die Baupläne für die organische Struktur dieses Gehirnreplikats in die Hände zu bekommen, das in dem Roman Träumen Androiden von elektrischen Schafen? Beschrieben ist.
loc_eq_03_descr;Ein Gehirnreplikat, das die Nerveneffizienz erhöht. +2 GESCHICK „Ein altes Robotersprichwort sagt: Für manche Dinge braucht man ein Gehirn, egal ob elektronisch oder schwammig.“ Freesteam
loc_eq_04_name;Magnetic eyes
loc_eq_04_info;Auch das ist eine Innovation aus dem Bauwesen, das für Aces of the Multiverse adaptiert wurde, um die Leistung der Spieler zu verbessern. Das Design wurde von John Jacob Astors Universum inspiriert, wie es in A Journey in Other Worlds beschrieben ist. 
loc_eq_04_descr;Cybernetische Augenimplantate, die weit über das normale sichtbare Spektrum hinaus sehen. +2 STÄRKE „Schau mir in die Augen, sage ich. Und das nächste, was er sieht, ist der Ball, den ich in sein Netz gedonnert habe.“ C'thalnig
loc_eq_05_name;Neural Lace
loc_eq_05_info;Die interdimensionalen Industriespione haben dieses Gerät aus der von Iain M. Banks beschriebenen Dimension aus dem Roman Krieg der Seelen gestohlen. Sein Potenzial zur Leistungssteigerung auf dem Spielfeld wurde sofort bestätigt. 
loc_eq_05_descr;Nano-Gehirnimplantat, das die Nervenverbindungen stärkt und das Geschick des Trägers erhöht. +2 GESCHICK „Es ist sehr nützlich, und wenn man es auf den Kopf setzt, juckt es auch nur ganz wenig . . . Nein . . . Moment . . . Was da juckt, sind meine Flöhe.“ Aleksei Rollan
loc_eq_06_name;Acceleration Shell
loc_eq_06_info;Das Universum von Joe Haldemann hielt diese großartige Innovation für Dimesionsreisende bereit, die es im Roman Der ewige Krieg entdeckten. Sie brachten es ins Original-Premiumversum und Third Kind Industries adaptierte es für den Gebrauch im Spiel.
loc_eq_06_descr;Kapselanzug, der die Schwerkraft reduziert, sodass der Träger sich schneller bewegen kann. +2 TEMPO „Auf dem Spielfeld braucht man keinen Anzug, um attraktiver auszusehen - eher im Gegenteil.“ Zapiram
loc_eq_07_name;Steel Tentacle
loc_eq_07_info;Dimensionsreisende besuchen immer das Universum von H. G. Wells auf der Suche nach faszinierenden Ideen, die sie an verschiedene alternative Wirklichkeiten anpassen können. Etwas so einfaches wie der Stahltentakel, der in Der Krieg der Welten beschrieben ist, wurde zu einem wichtigen Gerät für alle Spieler von Aces of the Multiverse.
loc_eq_07_descr;Autonome verstärkte Extremität zum Schutz vor gegnerischen Angriffen. +2 STÄRKE „Ich hatte noch keine Gelegenheit, ihn zu verwenden, aber einer von meinen Gegnern hatte so einen, und jetzt fehlen mir drei Zähne.“ Ursula Cornelia Oakley
loc_eq_08_name;Space sick
loc_eq_08_info;Im Universum von Hugo Gernsback, insbesondere das aus dem Roman Ralph 124c 41+, stießen die Bio-Ingenieure von Third Kind Industries auf das Konzept der Raumkrankheit und machten sich daran, nicht etwa ein Heilmittel zu finden, sondern ein Gerät, das sie auslöst. Nachdem sie dieses Gerät patentiert hatten, kam jemand auf die großartige Idee, es für Aces of the Multiverse einzusetzen.
loc_eq_08_descr;"Jedes Mal, wenn du einen Gegner angreifst, werden Nanopartikel auf seine Nervenzentren abgeschossen. Das erhöht die Wahrscheinlichkeit, ihn zu verletzen oder außer Gefecht zu setzen. „Nanotechnologie im Sport? Manchmal kommt das Beste eben in kleinen Packungen.“ Bethany Mary Champ"
loc_eq_09_name;Gyro Hat
loc_eq_09_info;Eine ganze Abhandlung (An Experiment in Gyro-Hats) ist diesem Gerät in der alternativen Wirklichkeit von Ellis Parker Butler gewidmet. Eine so detailliert beschriebene Innovation war ein verführerischer Leckerbissen für die interdimensionalen Industriespione, die nicht lang zögerten, die Konstruktionspläne zu kopieren, um sie im Original-Premiumversum zu nutzen.
loc_eq_09_descr;Der Hut funktioniert mit umgekehrter Reflexion: Je dümmer du für deine Gegner aussiehst, desto größer dein Geschick. +2 GESCHICK „Ich ziehe meinen Hut vor demjenigen, der dieses Ding erfunden hat. Nicht wörtlich, natürlich, aber ihr wisst schon, was ich meine . . .“ Leafreaper
loc_eq_10_name;Magenitized Boots
loc_eq_10_info;Ein klassisches Gerät in allen alternativen Wirklichkeiten, aber, wie die Ingenieure von Third Kind Industries wissen, findet sich das beste Design im Universum von Jack Williamson, in der Kurzgeschichte Salvage in Space.
loc_eq_10_descr;Die Stiefel aus angereichertem Melatonin erhöhen Stärke und Geschick des Trägers, aber ihr Gewicht verringert andere Fähigkeiten. +2 STÄRKE +2 GESCHICK -2 ABSCHUSS -2 TEMPO „Wie Nancy Sinatra schon sagte: Diese Stiefel trampeln dich in Grund und Boden.” Sedruol
loc_eq_11_name;Impact Suit
loc_eq_11_info;Dieser Anzug wurde in der Dimension von David Gerrold und Larry Niven entwickelt und im Roman Die fliegenden Zauberer beschrieben. Die interdimensionalen Industriespione haben in fast zufällig gefunden.
loc_eq_11_descr;Der arachnostellare Seidenstoff erhöht die Stärke des Trägers, behindert aber bestimmte Bewegungen. +3 STÄRKE -1 ABSCHUSS -1 GESCHICK „Mädchen können echte Aces-Zauberer sein und sich trotzdem schick anziehen - Es kommt eben auf die Wirkung an.“ Rhoda Julia Fisher
loc_eq_12_name;Heavy Impactor
loc_eq_12_info;Sie machen zwar sehr oft Gebrauch von interdimensionaler Industriespionage, trotzdem hat Third Kind Industries auch eine kleine Forschungs- und Entwicklungsabteilung, die gelegentlich auch eigene Innovationen zustande bringt. Ein Beispiel ist diese chemische Lotion, die die Leistung der Spieler von Aces of the Multiverse vervielfachen soll.
loc_eq_12_descr;"Körperlotion mit nanoaktiven Inhaltsstoffen, die die Muskelfasern beleben; dadurch erhöht sich die Stärke des Trägers und die Wahrscheinlichkeit, dass er den Gegner verletzt oder außer Gefecht setzt. +2 STÄRKE „Nie zusammen mit Deo verwenden. Sonst sitzt du mit fluoreszierender Haut beim Dermatologen.“ God"
loc_eq_13_name;Dimensoscope
loc_eq_13_info;Die Spione von Third Kind Industrial waren wirklich scharf darauf, dieses Gerät in die Hände zu bekommen. Nach viel Dimensionenhüpfen wurden sie in dem Roman The Fifth-Dimension Catapult im Universum von Murray Leinster fündig. 
loc_eq_13_descr;Damit kann der Träger in mehr als drei Dimensionen sehen, was Abschuss und Geschick verbessert, sich auf andere Fähigkeiten aber negativ auswirkt. +2 ABSCHUSS +2 GESCHICK -3 TEMPO „Dieses Gerät? Damit ich dich besser sehen kann . . . wie schon der Wolf zu Rotkäppchen sagte.“ Kirill Georgiy
loc_eq_14_name;Weightlessness
loc_eq_14_info;Das Verne-Universum ist bei den interdimensionalen Industriespionen sehr beliebt, weil sie dort einfach erstaunliche Innovationen finden. So liefert ihnen zum Beispiel der Roman Von der Erde zum Mond das Konzept der Schwerelosigkeit, das sie dazu anregte, dieses Gerät zu entwickeln und es an die verschiedenen Spielfelder anzupassen.
loc_eq_14_descr;Gibt Antigravitonen ab, die das Gewicht der Spieler beider Mannschaften reduzieren - und damit auch den Schaden beim Aufprall - und das Tempo der Spieler erhöhen. +2 TEMPO -2 AUFPRALL (beide Teams) „Wer hat denn noch nie gegen ein Gesetz verstoßen . . . und wenn es das Gesetz der Schwerkraft ist?“ Kag'fhtagn
loc_eq_15_name;Null suit
loc_eq_15_info;Die kleinen Generatoren, die diese Innovation antreiben, wurden von denen in dem Roman Der heiße Draht nach Ophiuchi in John Varleys Universum inspiriert. Sie für das Spiel zu adaptieren, ist äußerst komplex, denn das verlangt die Synchronisation von Jahren - deshalb ist dieses mächtige Gerät so selten.
loc_eq_15_descr;Quantenverschränkungsanzug, der deine Partikel mit denen deines Angreifers verbindet, was dazu führt, dass er von seinem eigenen Aufprall getroffen wird. „Dadurch dreht sich die Situation, sie kommt wieder und schlägt dir ins Gesicht.“ R'ly'shogg
loc_ev_00_name;Counter Machine
loc_ev_00_info;Man sagt immer, dass die Ingenieure bei Third Kind schlechte Erfinder, aber gute Kopierer sind. Ihre beneidenswerte Fähigkeit, Technik, die von anderen entwickelt wurde, zu assimilieren, wird besonders eindrucksvoll von diesem Gerät demonstriert, das die Wirkung von Ausrüstung des Gegners aufheben soll: Die Erfindungen anderer zu verstehen, um deren Wirkung zu vernichten, ist die praktische Umsetzung der Unternehmensphilosophie von Third Kind Industries.
loc_ev_00_descr;Erschafft einen elektromagnetischen Impuls, der sofort die gesamte Wirkungsdauer eine Fähigkeit der Gegenmannschaft aufbraucht. „Kinder, es wird Zeit, macht das Licht aus und geht schlafen.“ Bymheads
loc_ev_01_name;Gravity belt
loc_ev_01_info;Diese Technik wurde entwickelt, um die Erkundung des Weltalls voranzubringen und aus Nat Schachners Universum übernommen, wo sie in Venus Mines, Incorporated beschrieben wurde. Die Ingenieure im Original-Premiumversum haben sie umgekehrt, um genau den gegenteiligen Effekt bei denen zu erzielen, die in den Wirkungsbereich des Gürtels kommen. 
loc_ev_01_descr;Wer den Träger des Gürtels berührt, bekommt sofort den Einfluss der Antischwerkraft zu spüren. „Wenn du mir zu nahe kommst und ich diesen Gürtel trage, geht‘s sofort ab auf den Mond.“ Yaroslav Yilinch
loc_ev_02_name;Air Barriers
loc_ev_02_info;Dieses System wurde von den Luftdecken des Henry-Kuttner-Universums inspiriert, wo sie in Hollywood on the Moon beschrieben sind. Sie wurden ursprünglich entwickelt, um Interplanetarreisende vor der Weltraumstrahlung zu schützen. In der adaptierten interdimensionalen Version ist die Luft noch dichter, sodass die gegnerischen Spieler noch schwerer durchkommen.
loc_ev_02_descr;Superdicke Luftbarrieren behindern den Zugang zu deinem Tor. „Wenn deine Gegner an dein Tor wollen, müssen sie erst mal tief Luft holen.“ Summerstride
loc_ev_03_name;Suspended Animation System
loc_ev_03_info;Die Idee zu diesem Gerät stammt aus dem Universum von Edward Page Mitchell, der es in The Senator‘s Daughter beschreibt: Man lässt sich, aus welchen Gründen auch immer (Weltraumreise, unglückliche Lebenssituation, usw.), in eine Art freiwilligen Winterschlaf versetzen. Die Ingenieure im Original-Premiumversum haben die Wirkung dahingehend verändert, dass das Gerät immer noch Winterschlaf auslöst, aber nicht mehr unbedingt freiwillig. 
loc_ev_03_descr;"Medikamentencocktail, der den Stoffwechsel des Gegners verlangsamt; jede Dosis senkt sein Tempo um 10 %. „Ich habe schon Schnecken schneller rennen sehen, und keiner von denen konnte mir den Ball abnehmen.“ Ahreaks"
loc_ev_04_name;Telepomp
loc_ev_04_info;Auch dieses Gerät stammt aus Edward Page Mitchells Universum und ist in seiner Erzählung The Man Without a Body beschrieben. Es wurde entwickelt, Materie aller Art zu verschiedensten Zwecken zu teleportieren, und wurde nun adaptiert, um die Bewegungen der Spieler zu beschleunigen. 
loc_ev_04_descr;Teleportiert Materie, sehr praktisch, um den Gegner ans andere Ende des Spielfelds zu schaffen. „Wenn ich das Gerät einsetze, sage ich immer: ‚Nicht so weit, das Spiel ist noch nicht zu Ende.‘“ Scimpheak
loc_ev_05_name;Big Push (linnear accelerator)
loc_ev_05_info;Die interdimensionale Luft- und Raumfahrttechnik hat oft von der Industriespionage profitiert, die Third Kind Industries betreibt. Ein Beispiel dafür ist dieser interstellare Raumschiffbeschleuniger, der von Larry Nivens Universum und insbesondere von der Geschichte Limits inspiriert wurde. Er wird schon lange im galaktischen Transportgewerbe eingesetzt, und jetzt wurden Mikro-Versionen gebaut, die Spieler von Aces of the Multiverse einsetzen können.
loc_ev_05_descr;"Linearer Teilchenbeschleuniger, der den ersten Gegner umwirft, mit dem du auf einer geraden Linie zusammenprallst; +10 STÄRKE „Alle brauchen hin und wieder einen Schubs. Und wenn der Schubs den Gegner umwirft, umso besser.“ Ironthorn"
loc_ev_06_name;Disruptor Bomb
loc_ev_06_info;Der Mechanismus aus dem Robert-Silverberg-Universum, beschrieben in Der Mann im Labyrinth, der dieses Gerät inspirierte, hatte eine viel drastischere Wirkung, darunter auch die molekulare Desintegration von Materie. Die Ingenieure konnten diese Intensität reduzieren, sodass die Waffe nur noch das Gehör ausschaltet.
loc_ev_06_descr;Erzeugt eine ohrenbetäubende Welle, die Beweglichkeit und Geschick beider Mannschaften reduziert. -5 GESCHICK -5 BEWEGLICHKEIT „Man fühlt sich fast wieder wie auf dem Schulhof . . . nur sind die Gegner immer noch drei Meter große Bären und radioaktive Mutanten.“  Amelia Messalina Brogley
loc_ev_07_name;Beta Beam Satellite
loc_ev_07_info;Die Ingenieure bei Third Kind sind zwar erstaunlich gut darin, Geräte aus der Bautechnik in destruktive Apparate zu verwandeln, aber manchmal tun sie auch genau das Gegenteil. In Larry Nivens Universum dient dieser Satellit, wie in Limits beschrieben, militärischen Zwecken, aber die adaptierte Version zum Gebrauch auf dem Spielfeld ist keine Massenvernichtungswaffe. Zuminest jetzt noch nicht.
loc_ev_07_descr;Dein Raumschiff bringt einen Satelliten in die Umlaufbahn, das deine Gegner mit einem Laserstrahl grillen kann. „So fühlt es sich an, wenn der Donnergott auf deiner Seite ist und Blitze auf den Gegner schleudert.“ Ruslan Antonov
loc_ev_08_name;Catchpocket
loc_ev_08_info;Im Frank-Herbert-Universum gibt es viele große Wüsten, die die Erfindungsgabe ihrer Bewohner anregen. Wie in Dune beschrieben, dient dieses in den Destillanzug eingebaute Gerät dem Auffangen einer äußerst wertvollen Substanz: Wasser. Die Ingenieure des Original-Premiumversums haben ihrer Version die gleiche Funktion gegeben, aber hier ist die wertvolle Substanz, die aufgefangen wird, das letzte Ausrüstungsstück, das ein beliebiger Spieler verwendet hat.
loc_ev_08_descr;Zeichnet die letzte Quantenaktivität auf, um das letzte experimentelle Ausrüstungsstück zu replizieren, das von einen beliebigen Spieler verwendet wurde. „Meine Mutter hat immer gesagt: Wirf nichts weg, solange du nicht sicher bist, dass du es nicht mehr brauchst.“ Nacc'thal
loc_ev_09_name;Nullfield
loc_ev_09_info;Wie die kleinere Version, der Nullanzug, ist auch dieses mächtige Feld in Der heiße Draht nach Ophiuchi im John-Varley-Universum beschrieben. Es ist extrem selten, denn die Synchronisation aller beteiligten Generatoren und das Erreichen der nötigen Quantenfrequenz, um gegnerische Geräte zu zerstören, ist äußerst komplex. 
loc_ev_09_descr;Macht während des ganzen Spiels die experimentelle Ausrüstung des Gegners zunichte. „Damit schickst du deine Gegner zurück in die Steinzeit, und du bist ihr mechanischer Säbelzahntiger.“ Downjumper
loc_story_intro_00;Ist das Multiversuim nicht großartig? Auf unserer Erde wissen wir immer noch nicht, wie lecker mehrfach gesättigte Fettsäuren und wie bequem Parallelwirklichkeitensessel sind.
loc_story_intro_01;Ebenso wenig wissen wir von den enormen Gesundheitsproblemen eurer Planetenbewohner, die durch ungesunde Ernährung und einen sitzenden Lebensstil hervorgerufen werden: Übergewicht, Diabetes und das Schmidmaartprrrinfir'ar'ar-Syndrom.
loc_story_intro_02;Dies ist die Geschichte der ersten drei Mannschaften, die am Wettkampf teilgenommen haben.
loc_story_intro_03;Zum Glück wissen sie, worum es geht, und haben sogar den Multiversum-weite Gesundheitsnotstand ausgerufen. Schon vor einigen Quantenjahren entdeckten die transdimensionalen Raumschiffe von Third Kind Industries einen unbedeutenden Planeten, wo man offenbar ein Heilmittel kannte. Dieses Heilmittel war die Erde. Und die Lösung war Sport.
loc_story_intro_04;Und so entstand Aces of the Multiverse. Das Spiel wurde so beliebt, dass es als Plattform für die seltsamsten Anliegen aus jedem denkbaren Universum diente. Von den formlosen protozoischen Planeten der Dimension 340 bis zum hyperindustrialisierten Mond-Hauptquartier von Third Kind Industries im Premiumversum beteiligen sich immer mehr alternative Welten am Wettbewerb, nicht nur, um für ihre Rechte zu kämpfen, sondern auch für sehr abwegige Interessen ... und dabei halten sie sich fit.
loc_story_intro_05;Dies ist die Geschichte der ersten drei Mannschaften, die am Wettkampf teilgenommen haben.
loc_story_chapter0_00;Der Planet Plantigrad steht vor der völligen Vernichtung! Die Ausbeutung seiner natürlichen Ressourcen zerstört ihn!
loc_story_chapter0_01;Die Sputnik Bears erkannten als erste Mannschaft, dass Sport nicht nur eine Möglichkeit ist, fit zu bleiben, sondern auch im Einsatz für ihre edlen Motive nützlich ist. Sie kämpfen darum, die Stimme ihres Heimatplaneten im ganzen Multiversum hörbar zu machen. Aber das ist keine leichte Aufgabe.
loc_story_chapter0_02;"Die Radiostar Freaks, die Mannschaft der gefährlichen radioaktiven Mutanten, machen es ihnen besonders schwer. Die beiden Teams sind Erzrivalen und haben schon mehrere epische Schlachten hinter sich. Alles fing damit an, dass man den Mutanten vorwarf, die großartige Natur von Plantigrad mit radioaktiven Isotopen zu verseuchen, die sie in regelkonformen Bällen versteckt hatten. Bei der nächsten Begegnung verwandelten die Sputnik Bears die Kabine ihrer Gegner in ein Bärenklo. Die Sponsoren der Radiostar Freaks rächten sich, indem sie ein Schnellrestaurant in die Umlaufbahn um Plantigrad brachten, wo Gerichte mit angereichertem Uran serviert werden. Als sich die beiden Mannschaften zuletzt gegenüberstanden, gewannen die Radiostar Freaks in letzter Sekunde, nachdem sie den Ball vo David Guralev erobert hatten; er wurde dabei schwer verletzt und trug bleibende Schäden davon."
loc_story_chapter0_03;Jetzt liegt der Ball bei den Sputnik Bears. Wird ihnen die Revanche gelingen?
loc_story_chapter1_00;Ein Impfstoff gegen das mutagene Virus der Strahlenstaupe wurde entwickelt, aber multiversale Konzerne blockieren das Patent!
loc_story_chapter1_01;Die Radiostar Freaks führen eine Kampagne gegen diese Ungerechtigkeit. Die Electro Killers, das starke Team der befreiten Roboter, ist ihr nächstes Hindernis auf dem Weg.
loc_story_chapter1_02; Die Geschichte der Zweikämpfe zwischen diesen Mannschaften enthält viel durch giftige Substanzen zersetztes Metall und unbeschreibliche Glieder, die von mechanischen Zangen amputiert werden ... Von den zahllosen Beleidigungen ganz zu schweigen.
loc_story_chapter1_03;Bei ihrer ersten Begegnung weigerten sich die Roboter, die Mutanten als Personen anzuerkennen, also beschlossen die Mutanten, die Roboter als Toaster zu betrachten. Bei einem späteren Turnieren schlenkerten die Mutanten einfach ihre Gliedmaßen, und die Roboter führten den „Robotertanz“ auf, einen religiösen Hacka.
loc_story_chapter1_04;Bei ihrem letzten Spiel gewannen die Electro Killers mit drei Toren Vorsprung. Das feierten sie mit einer Lachsalve aus der Konserve. Können die Radiostar Freaks zurückschlagen?
loc_story_chapter2_00;Die Roboter haben ihre Rechte erkämpft, aber die Auseinandersetzung ist noch nicht vorbei: Das Erreichte muss gesichert werden!
loc_story_chapter2_01;Die Electro Killers kämpfen auf dem Spielfeld für ihre Sache. Die arroganten Sputnik Bears zu besiegen ist eine echte Herausforderung.
loc_story_chapter2_02;Die bärenartigen Bewohner von Plantigrad geben der autonomen Technik die Schuld an den vielen Missgeschicken ihres Planeten, und sie haben keine Bedenken zu beweisen, dass der Verstand einem Mikroprozessor jederzeit überlegen ist. Bei einer ihrer letzten Begegnungen verarbeiteten sie einen abgeschalteten Roboter zu Zahnstochern, um die Electro Killers zu ärgern. Sie revanchierten sich beim Rückspiel, indem sie in der Pause eine Zirkusnummer mit radfahrenden Bären aufs Programm setzten.
loc_story_chapter2_03;Das letzte Spiel gewannen die Bären mit nur einem Tor Vorsprung und erklärten daraufhin, wer keine Muskeln habe, habe auch keine Ehre. Können die Electro Killers beweisen, wer Ehre im Leib hat und was Muskeln damit zu tun habe?
loc_story_chapter3_00;Die Sputnik Bears kämpfen für die Erhaltung ihrer Umwelt und ihrer angestammten Lebensweise, gegen die Plünderung durch Third Kind Industries.
loc_story_chapter3_01;Für die Riot Angels, die multidimensionale Mannschaft, die sich der Stärkung von Frauenrechten verschrieben hat, haftet der „angestammten Lebensweise“ der ölige Geruch des Patriarchats an.
loc_story_chapter3_02;Die Plantigrader, edel, aber arrogant, wollen die Forderungen der Mädels nicht ernst nehmen. Sie halten sie für Luxusprobleme. Die Riots erwidern, sie seien nicht auf dem Platz, um den Bären leid zu tun, sondern um sie in winzige Partikel zu zerlegen. Moustakim Vitalievich ist der Meinung, dass Emily Emo Lee viel zu niedlich sei, um gegen sie zu spielen. Worauf die Riot Angel antwortet, dass Moustakim jederzeit als Kuschelteddy für ein Kleinkind durchgehen könnte.
loc_story_chapter3_03;Bei ihrer ersten Begegnung schlugen die Riot Angels die selbstsicheren Sputnik Bears vernichtend. Die Bären brachten allerlei Ausreden vor: Sie hätten Angst gehabt, die Mädchen zu verletzen, sie könnten gegen diese hübschen Kleinen doch nicht auf ihrem gewohnten Niveau spielen ... Bei einer zweiten Begegnung liefen sie auf, um zu siegen; sie schwitzten Blut, gaben alles, und errangen schließlich durch einen Glückstreffer von David Guralev den Sieg.
loc_story_chapter3_04;Welche der beiden Mannschaften wird sich in der folgenden Partie als härter, welche als niedlicher erweisen?
loc_story_chapter4_00;Man sollte nicht über hässliche Kinder lachen. Ebenso wenig sollte man sich über Mädchen lustig machen. Denn wer wird wohl zuletzt lachen, wenn die Hässlichen gegen die Mädchen antreten?
loc_story_chapter4_01;Die Radio Star Freaks stehen an der Spitze des Kampfs für die Würde der Mutanten.
loc_story_chapter4_02;Die Riot Angels treten für die Stärkung der Frauenrechte ein.
loc_story_chapter4_03;Es ist schade, dass die beiden Mannschaften, die jeweils ein großes Ziel verfolgen, einander nicht ausstehen können. Bei einer ersten Begegnung riss Sedruol seiner Gegnerin Abitha Octavia Cob den Helm vom Kopf und verpasste ihr einen üblen Schlag ins Gesicht. Der Mutant gibt an, das getan zu haben, um zu zeigen, dass sie nicht so schön ist, wie sie gern vorgibt. Bei einem späteren Spiel verbreitete Flower Smashing Power Pollen auf dem Spielfeld, was Sedruols riesiges Auge stark reizte.
loc_story_chapter4_04;Bei der letzten Partie schlich sich Scimpheak in die Umkleide der Riot Angels und tauschte Messalina Leonidas‘ Exemplar von „Sturmhöhe“ gegen ein Sporttagebuch aus, was bei ihr fast einen Schlaganfall auslöste. Bei all diesen persönlichen Rivalitäten hat sich niemand die Mühe gemacht, die sinnvollen Ziele beider Mannschaften zu verbinden ... oder sich auch nur an die Ergebnisse der bisherigen Spiele zu erinnern.
loc_story_chapter4_05;Wie wird wohl die heutige Partie ausgehen?
loc_story_end_00;Die Quantenrealität ist vielleicht winzig, aber dieser Sieg macht sie ein wenig schöner.
loc_story_end_01;Die Aces-of-the-Multiverse-Liga hat viele Geheimnisse, Überraschungen und Siege zu bieten. Was ihr allerdings fehlt, sind noch ein paar Asse.
loc_team_oso00_00;Das Originalteam des Planeten Plantigrad besteht ganz aus bärenartigen Nachkommen von Mascha und Mischa, den beiden ersten Siedlern, die den Planeten in einer Sojus-Raumkapsel erreichten. Sie spielen, um die Bekanntheit des Planeten zu steigern, der jetzt von großen Bergbaukonzernen wie Third Kind ins Visier genommen wird. Ehre, Gleichheit und Natur sind ihre Werte. Stärke und Mut sind ihre Waffen.
loc_team_oso01_00;Im Universum D404 haben die Kriege gegen den Konzern Third Kind die Jugend von Plantigrad dezimiert. Um eine vollständige Bären-Mannschaft zusammenzustellen, haben die Barely Bears in das Programm von zwei Robotern neue Werte eingeführt: den Schutz der Natur und die Ehre ihres Planeten.
loc_team_oso02_00;Sie spielen Aces of the Multiverse, um ihre „radikalkosmonautischen“ Expeditionen zu finanzieren. Unterstützt von ihren beiden Robotern halten die drei „Extremkosmonauten“-Bären die Rekorde für die größte Distanz in einer analogen Kapsel, für Weltraumspaziergänge ohne Sauerstoff und für die längste Reise in künstlichem Winterschlaf. Eine weitere große Errungenschaft war ihre Reise zu Plantigrads erstem Mond, bei der sie in einem Fass mit geräucherten Heringen die Luft anhielten.
loc_team_mutant00_00; Diese Mannschaft besteht ganz aus Mutanten, um für die Sache der Mutanten zu kämpfen. Sie haben die Strahlenstaupe überlebt, ein Virus, das sich nach der Explosion der Supernova Kaar 23030 ausbreitete. Es überträgt nicht nur diese Krankheit, sondern auch genetische Eigenschaften von einem Wirt zum nächsten (daher die Mutationen). Sie spielen, um das Bewusstsein für ihre Probleme zu schärfen, und insbesondere, um die Aufhebung des Patents für einen Impfstoff gegen das Virus zu erreichen, das zurzeit von Third Kind Industries gehalten wird.
loc_team_mutant01_00;"Sie sind entschlossen, den Meistertitel bei Aces of the Universe um jeden Preis zu gewinnen. Deshalb haben die Mutanten den Sohn des Plantigrader Starspielers Aleksei Rollan entführt und drohen, ihn mit der Strahlenstaupe anzustecken, also ihn in einen Mutanten zu verwandeln, wenn sein Vater nicht mit vollem Einsatz für sie spielt. Aleksei hat keine Wahl, als dabei mitzumachen; auf dem Spielfeld kann er sich ohnehin nicht zurückhalten."
loc_team_mutant02_00;Die Anwerbung von Zapiram hat dazu geführt, die Spielerinnen im Mutantenteam aus dem Universum D303 zu stärken. In dieser Parallelwirklichkeit spielt das Stratosphären-As des Planeten Protozolia nur dann, wenn ihre Gefährtinnen in der Startaufstellung sind. „Wer darauf keine Lust hat“, sagt sie, „kann in Protoplasma baden gehen.“  Die Ergebnisse bisher sind unangreifbar.
loc_team_robot00_00;Hier sind die ersten Androiden, die sich ihrer selbst und ihrer Fortpflanzungsfähigkeit bewusst wurden, und sie waren schnell dabei, ihr Recht, als Personen behandelt zu werden, durchzusetzen. Aber das wird einige Zeit dauern, weil manche Bewohner mancher Multiversen nicht bereit sind, sie zu akzeptieren. Viele betrachten sie immer noch als seelenlose Schrotthaufen. Ihre Empathie ist zwar noch ein wenig unterentwickelt, trotzdem wollen die Electro Killers ihre Popularität nutzen, um zu verhindern, dass Roboter jemals wieder ausgebeutet werden können.
loc_team_robot01_00;Die Existenz dieser Mannschaft aus der Verwirrten Dimension beruht nur auf Fehlern. Der erste Fehler ist ihr Name: Er klingt, als ginge es um eine Tüte Chips. Zweitens haben die Roboter irrtümlich zwei Spieler engagiert, die sie für Maschinen hielten, die aber in Wirklichkeit Bären mit Cyber-Implantaten sind. Und drittens haben die Bären das irrtümlich akzeptiert, weil sie glaubten, sie würden den Mietvertrag für ein neues interdimensionales Raumschiff unterschreiben. Eindeutig korrekt dagegen ist ihre Leistung auf dem Spielfeld: Da sie nun einmal dieses seltsame Durcheinander von Mikrochips und organischem Gewebe in eine Mannschaft gepackt haben, kämpfen sie mit aller Kraft um den Sieg.
loc_team_robot02_00;Seit der Erfindung der künstlichen Intelligenz träumen die Menschen davon, wie Roboter tanzen zu können, aber sie haben es nie geschafft. Deshalb führt das Roboter-Team aus dem Universum Z404 diesen komischen Tanz auf, um ihre besiegten Gegner zu verspotten. Besiegt, weil auf ihrer Seite der unglaubliche Downjumper mitspielt, deshalb gehen die Spiele selten anders aus.
loc_team_princess00_00;Sie wurden von Samantha Quark, der legendären Anführerin der Quantic Fems, unter den besten Spielerinnen aller bekannten Wirklichkeiten mit einem bestimmten Ziel ausgewählt. Dieses Ziel ist, zu beweisen, dass wie ein Mädchen zu spielen bedeutet, besser als alle anderen zu spielen. Die Riot Angels sind geschickte, starke Spielerinnen mit explosiver Persönlichkeit. Sie haben es satt, in jeder Ecke des Multiversums die zweite Geige zu spielen. Deshalb haben sich diese radikalen Quantic Fems zusammengeschlossen, um dieselben Rechte und dieselbe Anerkennung zu verlangen, wie sie die männlichen Spieler erhalten. Dazu haben sie sich das härteste Spielfeld ausgesucht, um zu zeigen, was sie können: das von Aces of the Multiverse.
loc_team_princess01_00;In vielen Paralleluniversen, sind die Quantic Fems nicht allein, wenn es darum geht, um mehr Gleichheit bei der Verteilung der Macht zu kämpfen. Einige von ihnen haben sich mit zwei Bären zusammengeschlossen, die für ihre Sache eintreten: einerseits Leonid Arkaimovich, der schon länger seinen Einsatz für die Dekonstruktion der Geschlechterrollen beweist (er spielt mit seinem Sohn im Tragerucksack). Und andererseits Kirill Georgiy, einem jungen Spieler, der immer offen dafür ist, für eine gerechtere Zukunft einzutreten.
loc_team_princess02_00;Die Ingenieurinnen des Multiversums, die die Bewegung der Quantic Fems unterstützen, haben zwei berühmte Roboter neu programmiert, sodass sie mit diesem Anliegen sympathisieren. Jetzt empfinden diese mechanischen Spieler an den eigenen Schraubenmuttern die Ungerechtigkeit der gläsernen Decke über sich und die Last einer patriarchalen Kultur, die ihre Schaltkreise unterdrückt. Zum Glück sind sie auch in der Lage, den schwesterlichen Zusammenhalt der Quantic-Fem-Bewegung zu erleben, und geben deshalb 100 %, um ihre Ziele zu erreichen.
loc_match_stats_goal;Tore
loc_match_stats_possession;Ballbesitz
loc_match_stats_bestplayer;Bester Spieler
loc_match_stats_dmg;Erlittener Schaden
loc_menu_quickplay;Schnellspiel
loc_menu_storymode;Geschichtenmodus
loc_menu_pairdevice;Gerät koppeln
loc_menu_settings;Einstellungen
loc_menu_editteam;Team bearbeiten
loc_menu_chooseteam;Wähle Wappen und Namen für dein Team!!
loc_menu_team;Team
loc_menu_teammanagement;Team-Management
loc_menu_locker;Umkleide
loc_menu_statistics;Statistik
loc_menu_strength;Stärke
loc_menu_dexterity;Geschick
loc_menu_shotskill;Schussfähigkeit
loc_menu_speed;Tempo
loc_menu_stamina;Ausdauer
loc_menu_hitpoints;Lebenspunkte
loc_menu_album;Album
loc_menu_filters;Filter
loc_menu_aces;Aces
loc_menu_common;Gewöhnlich
loc_menu_infrequent;Ungewöhnlich
loc_menu_rare;Selten
loc_menu_ultrarare;Sehr selten
loc_menu_skip;Überspringen
loc_menu_get;Holen
loc_menu_xplorawatch;Xplora-Gerät
loc_menu_mobile;Mobilgerät
loc_menu_nodevice;Kein Gerät
loc_menu_press;Drücken
loc_menu_new;Neu!
loc_menu_completed;Abgeschlossen!
loc_menu_1v1;1 Vs 1
loc_menu_1vAI;1 Vs KI
loc_menu_league;Liga
loc_menu_tournament;Turnier
loc_menu_customize;Anpassen
loc_menu_back;Zurück
loc_menu_next;Weiter
loc_menu_select;Auswählen
loc_menu_difficulty;Schwierigkeitsgrad
loc_menu_selectdevice;Gerät auswählen
loc_menu_playmatch;Spiel spielen
loc_menu_choosecountry;Land auswählen
loc_menu_carddescription;Beschreibung
loc_controller_aceskill;Ace-Fähigkeit
loc_controller_castleft;Linke Karte abwerfen
loc_controller_pause;Pause
loc_controller_castright;Reichte Karte abwerfen
loc_controller_closestplayer;Nächsten Spieler kontrollieren
loc_controller_dash;Rennen
loc_controller_sprint;Sprint
loc_controller_shoot;Schuss
loc_controller_pass;Pass
loc_controller_moveteam;Ganzes Team bewegen
loc_controller_controlplayer;Aktiven Spieler kontrollieren
loc_ecode_success;Nutzer erfolgreich angelegt! Gib den Code, den du erhalten hast, in dein Gerät ein
loc_ecode_authfail;Verifizierungsfehler
loc_ecode_unknownexception;Bei der Verbindung zum Server ist ein Fehler aufgetreten ...
loc_ecode_unreachable;Der Server ist nicht erreichbar ...
loc_ecode_generalerror;Bei der Verbindung zum Server ist ein Fehler aufgetreten. Schau in der Xplora-App nach weiteren Informationen.
loc_ecode_wrongparams;Fehler: Falsche Parameter
loc_ecode_wrongformat;Fehler: Falsches Format
loc_ecode_wrongnumberformat;Die Telefonnummer hatte das falsche Format.
loc_ecode_phonenotfound;Telefon nicht gefunden.
loc_ecode_nicknotfound;Nutzer nicht gefunden.
loc_ecode_wrongcode;Ungültiger Code.
loc_ecode_nickponealreadyexists;Nick oder Telefon bereits vorhanden.
loc_ecode_noscenario;Nutzer nicht bestätigt.
loc_ecode_wrongauth;Nicht genug Schritte. Trainiere weiter!
loc_ecode_forbiddenaccess;Ein Verifizierungsproblem ist aufgetreten.
loc_ecode_urlnotfound;Zugang zum Server nicht erlaubt.
loc_ecode_progerr;Falsche Serveradresse.
loc_msg_stun;Betäuben!
loc_msg_hp;LP
loc_msg_miss;Daneben!
loc_msg_ko;K.O.!
loc_msg_exhausted;Erschöpft!
loc_msg_zombie;Zombie 
loc_menu_acesDetails;Aces of the Multiverse ist das erste Computerspiel, das Ihre sportlichen Aktivitäten mit Ihrer Spielzeit verbindet. Wähle also das Gerät aus, mit dem du trainieren willst, und zeichne deine Schritte mit der Xplora-App auf. Jeden Tag, wenn du spielst, findest du vielleicht neue Karten in deiner Sammlung, je nachdem, wie lange du trainiert hast. Spiele, renne, habe Spaß und gewinne Karten. In der Sammlung sind mehr als einhundert verschiedene, und manche sind gar nicht leicht zu bekommen ...
loc_eula;Alle Inhalte, die in In-Game-Shops käuflich erworben werden, werden von Sony Interactive Entertainment Network Europe Limited („SIENE“) erworben und unterliegen den Nutzungsbedingungen und der Endbenutzervereinbarung von PlayStation™Network, die über PlayStation™Store eingesehen werden können. Wir empfehlen, die Nutzungsrechte für jedes erworbene Produkt zu überprüfen, da sie sich von Fall zu Fall unterscheiden können. Sofern nicht anders angegeben, gilt für sämtliche Inhalte, die in In-Game-Shops erhältlich sind, dieselbe Altersfreigabe wie für das entsprechende Spiel.
loc_menu_charBiography;Charakterbiographie
loc_msg_directPass;Direkter Pass!
loc_msg_freeBall;Freier Ball!
loc_msg_slow;Langsam
loc_menu_equipment;Ausrüstung
loc_menu_events;Ereignis
loc_race_robots;Roboter
loc_race_mutants;Mutant
loc_race_humanoids;Humanoid
loc_race_aliens;Aliens
loc_race_princesses;Prinzessinnen
loc_loading;Laden...
loc_menu_master;Master
loc_menu_soundEffects;SFX
loc_menu_music;Musik
loc_menu_exit;Schließen
loc_menu_continue;Weitermachen
loc_menu_pause;Pause
loc_menu_cleared;Fertig!
loc_menu_cardsUnlocked;Neue Karte freigeschaltet!
loc_menu_teamUnlocked;Neues Team freigeschaltet!
loc_menu_connecting;Verbinden...
loc_menu_close;Schließen
loc_menu_newName;Neuer Name
loc_menu_none;Keine
loc_tutorial_Conectivity_00_00;Hey, du, kleines Konglomerat aus Quantenteilchen. Treibst du in deiner Dimension Sport?
loc_tutorial_Conectivity_01_00;Hol dir deinen Xplora – das revolutionäre Gerät, das dir hilft, deinen eintönigen Alltag durch Quantenverschränkung mit zahlreichen alternativen Wirklichkeiten und ihren Bewohnern zu verbinden.
loc_tutorial_Conectivity_01_01;Wann immer du dein Xplora-Gerät am Handgelenk trägst, stellst du eine interdimensionale Verbindung her. Dein Training ist in den alternativen Wirklichkeiten so wertvoll wie Gold.
loc_tutorial_Conectivity_01_02;Xplora zählt deine Schritte, überträgt sie quer durchs Multiversum und verwandelt sie in Spieler und Zubehör, um deine Mannschaften zu verstärken.
loc_tutorial_Conectivity_01_03;Geh ins Synchronisationsmenü. Speichere das Gerät, das deine Schritte aufzeichnet – fertig.
loc_tutorial_Conectivity_02_00;Wenn dein Gerät eine Xplora-Smartwatch ist, gewinnst du sofort ein Ace, einen der wertvollsten Sticker überhaupt.
loc_tutorial_Conectivity_02_01;Jeden Tag bietet Aces of the Multiverse dir neue Sticker. Sie werden umso wertvoller, je mehr Schritte und je mehr Spielstunden für dich aufgezeichnet werden.
loc_tutorial_Conectivity_03_00;Worauf wartest du noch? Wenn dir ein Universum nicht genügt, um dich zu entfalten, dann verbinde deinen Xplora. Beweg dich. Treib Sport. Spiele. Sammle alle Sticker.
loc_tutorial_Conectivity_03_01;Werde zum ACE OF THE MULTIVERSE!!!
loc_tutorial_Story_00_00;Aces of the Multiverse ist viel mehr als ein seltsames interdimensionales Fußballspiel. Wenn du spielen willst, dann mach es besser richtig.
loc_tutorial_Story_00_01;Wenn du zum ersten Mal dabei bist, musst du die Mannschaften freischalten, indem du im Geschichten-Modus spielst. Die neuesten atemberaubenden Ereignisse des Multiversums werden dich ionisieren. Außerdem bekommst du Sticker, um deine eigene Mannschaft zu konfigurieren.
loc_tutorial_Story_00_02;Mit jedem Sieg gewinnst du neue Sticker. Allerdings sind sie nicht so gut wie die, die du durch dein eigenes Training bekommst, das dein interdimensionaler Xplora aufzeichnet.
loc_tutorial_Story_01_00;Auf dem Spielfeld kannst du den Spieler auswählen, der demjenigen mit dem Ball am nächsten ist.
loc_tutorial_Story_02_00;Du kannst laufen.
loc_tutorial_Story_03_00;Stoßen, um den Ball zu erobern.
loc_tutorial_Story_04_00;Pässe spielen.
loc_tutorial_Story_05_00;Und auf das Tor schießen.
loc_tutorial_Story_05_01;Aber du findest auch Ressourcen, wie du sie noch nie gesehen hast. Spezielle Ausrüstung kann dir unglaubliche Vorteile verschaffen. Pass aber auf, denn sie hält nicht ewig.
loc_tutorial_Story_06_00;Die Aces sind Elitespieler. Sie haben alle ihre speziellen Fähigkeiten, die dem Spiel jederzeit eine neue Wendung geben können.
loc_tutorial_Story_06_01;Jede Mannschaft ist anders. Jedes Spielfeld auch. Alles hat Einfluss auf das Spiel. Aber dein Verstand und deine Reflexe steuern das Ganze aus einer Paralleldimension.
loc_tutorial_Story_06_02;Werde zum ACE OF THE MULTIVERSE!
loc_tutorial_Team_00_00;Hast du ein gutes Gedächtnis? Dann merk dir, dass bei Aces of the Multiverse jeder Sieg und vor allem das Training, das du absolvierst, dir Zugang zu neuen Stickern mit Spielern und Ausrüstung gibt.
loc_tutorial_Team_00_01;Sammle die Sticker in deinem persönlichen Album. Um die wertvollsten zu bekommen, wirst du ganz schön schwitzen müssen, das kann ich dir versprechen.
loc_tutorial_Team_01_00;Unter Team Management kannst du die Sticker in deinem Album verwalten. Stelle deine eigenen Mannschaften zusammen, indem du die Spieler kombinierst, wie es dir gefällt.
loc_tutorial_Team_01_01;Jede Figur hat eigene Werte und Spieltechniken, die auf vier Grundfähigkeiten beruhen: Stärke, Zielgenauigkeit, Geschick und Tempo.
loc_tutorial_Team_01_02;Außerdem findest du eine Empfehlung für eine Spielposition: Verteidigung, Sturm oder Mittelfeld. So kannst du ganz leicht eine ausgewogene Mannschaft zusammenstellen.
loc_tutorial_Team_02_00;Die Ausrüstungssticker verbessern die Fähigkeiten deiner Spieler und besondere Ausrüstung gibt dir die Möglichkeit, Manöver auszuführen, wie sie auf dem Spielfeld noch nie zu sehen waren.
loc_tutorial_Team_02_01;Beweg dich, treib Sport, um die besten Sticker zu bekommen. Wähle deine fünf Stammspieler und zwei Ersatzspieler aus, rüste sie mit der neuesten Technologie aus und mach deine Mannschaft zur LEGENDE IM GANZEN MULTIVERSUM.
loc_tutorial_match;Vor dem Spiel
loc_tutorial_xplora;Schließen Sie Ihr Xplora-Gerät an
loc_menu_audio;Audio
loc_menu_controls;Kontrollen
loc_menu_tutorial;Tutorial
loc_menu_language;Sprache
loc_menu_credits;Credit
loc_menu_previous;Bisherige