loc_char_oso_00_bio;La prudence, la sagesse et la communion avec son environnement ont doté cet ours charismatique d’un savoir inégalé sur le terrain. Avant chaque match, il consacre une heure à la méditation transcendantale. Mais après le coup d’envoi initial, c’est la guerre : l’ours sort ses griffes, car il sait que la vie est éphémère... surtout celle de ses adversaires. Les Moustakim Vitalievich du multivers ne sont pas tous aussi patients, sages et nobles que celui qui habite le Premiumvers Original. Celui-ci sera toujours le joueur titulaire des honorables Sputnik Bears de Plantigrade. Cependant, dans l’univers B022, au lieu de lutter pour la liberté de sa planète, il préfère défendre les couleurs de l’équipe féodale des Tsars de Plantigrade. Pour sa part, le Moustakim de l’univers R02 a dévoré un mutant lors du lancement d’un match, et souffre depuis de brûlures chroniques à l’estomac.
loc_char_oso_00_descr;« Je ne perds jamais patience, mais parfois, c’est la patience qui me perd. »
loc_char_oso_01_bio;Il a fait la promesse de porter un masque jusqu’à ce que sa planète, Plantigrade, soit à l’abri des menaces étrangères. Il est prêt à mourir sur le terrain pour l’honneur de son équipe et les droits de ses compatriotes. Dans les multivers infinis, les Aleksei Rollan alternatifs sont tous féroces et résistants. Dans le Premiumvers Original, il est fidèle aux Sputnik Bears de Plantigrade, mais dans d’autres réalités parallèles, sa trajectoire professionnelle est haute en couleur. Par exemple, dans l’univers C130, il joue dans une équipe créée en hommage à Youri Gagarine, tandis que dans le B029, il vend des hot dogs dans le stade Third Kind, et il porte un sombrero mexicain au lieu d’un masque. L’histoire de l’Aleksei Rollan de l’univers A002 est tout particulièrement tragique. Son fils a été enlevé pour l’obliger à jouer dans l’équipe mutante Cesius Mayhem.
loc_char_oso_01_descr;« Si je te montre mon visage, ce sera la dernière chose que tu verras. »
loc_char_oso_02_bio;Il est devenu un véritable héros de la lutte pour la liberté de sa planète, où il harcèle ses ennemis depuis les bois, les frappant avant de se replier avec rapidité. Désormais, il utilise tout son talent au sport, et il a la ferme intention d’attirer l’attention sur la cause de Plantigrade. Dans la plus grande partie des réalités parallèles explorées, Yaroslav combat en tant qu’expert en explosifs dans une guérilla, et se dissimule dans la dense forêt plantigradienne. C’est seulement dans une poignée d’univers qu’il joue à Aces of Multiverse. Dans le Premiumvers Original, il sert dans les rangs des Sputnik Bears de Plantigrade. Cependant, par exemple, dans l’univers Z003, il fait partie d’une équipe d’egogirls qui l’ont adopté comme mascotte... et il ne s’en plaint même pas, car elles lui donnent beaucoup de tartines de miel. 
loc_char_oso_02_descr;« D’où je viens, mettre les pattes dans le plat signifie détruire l’ennemi. »
loc_char_oso_03_bio;Parmi les ursidés de Plantigrade, il n’existe aucun tabou quant à l’âge. La rapidité de leur maturation cérébrale en fait d’excellents lutteurs ou joueurs d’Aces of Multiverse depuis leur plus tendre enfance. C’est le cas de Kirill, qui, à seulement 10 ans, se distingue dans les ligues professionnelles de ce sport, et défend avec passion les couleurs de sa planète. Toutes les versions quantiques de ce petit qui peuplent le multivers ont quelque chose en commun : elles jouent merveilleusement bien à Aces of Multiverse. Cependant, en fonction des réalités parallèles, Kirill utilise ce talent différemment. Dans le Premiumvers Original, il n’a jamais abandonné les rangs de l’équipe de sa planète natale, les Sputnik Bears de Plantigrade. Dans l’univers U03 (connu comme l’univers universitaire), il s’est allié à une équipe de jeunes afin d’économiser pour ses années sabbatiques, les Galactic Hitchhikers. Dans l’univers F404 (l’univers fashion), il a également du talent, mais il ne joue pas parce que la sueur lui colle au pelage.
loc_char_oso_03_descr;« Pour moi, c’est un jeu d’enfants. »
loc_char_oso_04_bio;Luttant pour une planète plus juste, Leonid Arkaimovich est un plantigradien déterminé à revoir ses privilèges et à changer les modèles masculins. Pour ce faire, il a eu recours à la technologie CyberMarsupiale pour s’occuper de son fils 24 heures sur 24, y compris sur le terrain de jeu. Dans le Premiumvers Original, c’est Leonid qui porte son fils tout en défendant les couleurs des Sputnik Bears de Plantigrade, mais dans de nombreuses réalités parallèles, c’est le fils qui porte Leonid. Dans l’Univers T100, ils ont été recrutés par une équipe de robots qui les ont pris pour une espèce de créature biologique à deux têtes. Dans l’E203, au lieu de courir dans les stades, ils passent des auditions pour des spots publicitaires, car Leonid veut que son fils soit le nouveau mannequin de la prochaine marque de vêtements pour enfants.
loc_char_oso_04_descr;« Celui qui joue seulement pour lui-même ne fait que jouer. Celui qui joue pour l’avenir de ses enfants part en guerre. »
loc_char_oso_05_bio;La technologie découverte dans les archives du Spoutnik 2.2 présente un énorme potentiel lorsqu’elle est associée aux cerveaux hyperdéveloppés des ursidés de Plantigrade. Par exemple, les connaissances des ours ont donné le jour à des inventions comme les cyber-échasses de David Guralev ont été possibles. Grâce à elles, Guralev a pu surmonter la paralysie permanente dont il a été victime après un affrontement contre les Radiostar Freaks.  Il a réussi à faire son retour dans l’équipe en pleine forme. Dans le Premiumvers Original, David Guralev joue pour les Sputnik Bears avec une mécanoprothèse, car une blessure subie lors d’un match contre les Radiostar Freaks l’a rendu paralytique. Dans d’autres multivers, c’est toute l’équipe des Radiostar Freaks qui doit porter une mécanoprothèse à cause de David Guralev. Dans l’univers J584, Guralev se sent plus robot qu’humanoïde, et joue donc dans une équipe de robots.
loc_char_oso_05_descr;« Mes jambes sont pleines de tungstène, mon cœur est rempli de victoires. »
loc_char_oso_06_bio;Sa famille ne descend pas des ours du premier Spoutnik qui est arrivé à Plantigrade, mais a émigré là-bas alors que ses membres n’étaient que des ours fourmiliers, qui ont évolué aussi rapidement que les héritiers de Misha et Masha. De là viennent son nom étrange et sa race exotique, mais il se sent Plantigradien de cœur. C’est là que se trouvent sa famille, ses amis et les meilleures fourmis de la galaxie. Il donnera tout ce qu’il a pour la gloire de sa planète. Les autres réalités parallèles n’ont pas toujours été aussi justes que celle du Premiumvers Original avec Pavel. Dans d’autres univers, il n’a pas été accepté par les Sputnik Bears, étant donné sa condition d’ours fourmilier. C’est pourquoi il est fréquent de voir certaines de ses versions alternatives intégrées dans des équipes de robots ou d’humanoïdes. Dans l’univers H404, il a fondé l’entreprise de contrôle des nuisibles Fourmiclon, spécialisée dans l’extermination de fourmilières, dont le slogan est : Avec Fourmiclon, les fourmis disparaissent et les ours engraissent.
loc_char_oso_06_descr;« J’écraserai mes ennemis comme s’ils n’étaient que de vulgaires fourmis et je les dévorerai... comme... comme des fourmis. »
loc_char_oso_07_bio;Le puissant Moustakim Vitalievich a évolué d’un seul coup et est désormais plus rapide que jamais. Cette amélioration est sans aucun doute le fruit de l’entrelacement quantique de ses molécules avec celles d’un utilisateur d’un dispositif Xplora. Ce Moustakim Vitalievich évolué se retrouve rarement sur les terrains des univers. L’amélioration de sa performance a été transmise à travers un portail multidimensionnel provoqué par l’interaction d’un dispositif Xplora. Quand un utilisateur de Xplora pratique le sport dans son propre monde, toute la performance voyage à travers le multivers pour profiter à un joueur d’Aces of Multiverse au hasard. Dans ce cas, c’est Moustakim Vitalievich évolué qui en a bénéficié, et le public pourra le voir voler sur le terrain de jeu.
loc_char_oso_07_descr;« Être plus rapide m’aide à contenir mon impatience, car aujourd’hui, j’arrive toujours avant. »
loc_char_oso_08_bio;L’entrelacement quantique entre les univers parallèles a associé les cellules d’Aleksei avec celles de l’utilisateur d’un dispositif interdimensionnel Xplora. Comme conséquence de l’exercice pratiqué par ce mystérieux utilisateur dans son propre univers, cette version d’Aleksei est désormais dotée d’une meilleure habileté. Cet Aleksei Rollan alternatif, qui dispose de la même force, mais d’une meilleure habileté, se trouve rarement dans les différentes réalités quantiques. Un dispositif interdimensionnel Xplora peut transmettre la performance de son utilisateur à n’importe quel joueur d’Aces of Multiverse au hasard. C’est pour cela que la probabilité de croiser d’autres Aleksei Rollan évolués jouant dans des équipes d’autres dimensions n’est pas très élevée... Toutefois, ce n’est pas impossible.
loc_char_oso_08_descr;« Sous ce masque, je remarque que mon cerveau coordonne tous mes mouvements d’une façon que je n’avais encore jamais ressentie. »
loc_char_oso_09_bio;L’augmentation de la masse musculaire nécessaire pour rendre le Yaroslav Ilyich original plus rapide a été transmise à travers le multivers grâce à l’entrelacement quantique avec les molécules d’un utilisateur de Xplora. Voici Yaroslav Ilyich évolué : toujours la même brute, mais plus rapide. La probabilité quantique a été favorable à Yaroslav Ilyich évolué, mais ce n’est pas un phénomène qui se produit tous les jours. On le croise rarement sur les terrains de jeu des différents univers. Pour que cela se produise, l’utilisateur d’un dispositif interdimensionnel Xplora doit pratiquer le sport nécessaire pour améliorer la performance, et celle-ci doit se transmettre à travers le multivers, pour profiter à n’importe quel jour d’Aces of Multiverse.
loc_char_oso_09_descr;« Désormais, je peux provoquer le chaos à plus grande vitesse. »
loc_char_oso_10_bio;Difficile de croire qu’un corps aussi petit que celui de Kirill Georgiy soit capable d’accumuler autant de puissance en un instant. Bien entendu, tout ceci est dû à un entrelacement quantique heureux entre ses molécules et celles d’un mystérieux utilisateur d’un dispositif interdimensionnel Xplora. Comme ce dernier a pris son entraînement très au sérieux, toute sa performance a amélioré la force, l’habileté et la vitesse du petit Kirill. Kirill Georgiy évolué est une rareté quantique et on ne le trouve que très peu dans les multivers. Pour que cette transmission de performance ait lieu, le propriétaire d’un dispositif interdimensionnel Xplora doit prendre son entraînement à cœur. Ensuite, tout ce renforcement voyage dans le multivers pour favoriser un joueur au hasard. Dans ce cas-ci, c’est Kirill qui évolue, pour le plus grand bonheur de ses fans.
loc_char_oso_10_descr;« C’est comme si j’étais devenu grand d’un seul coup. »
loc_char_oso_11_bio;Un utilisateur d’un dispositif interdimensionnel Xplora s’est entraîné dans son propre univers, ce qui a provoqué, grâce à l’entrelacement quantique, un renforcement des cellules neuronales de Leonid, augmentant ainsi son habileté. Le Leonid Arkaimovich original est une bête dont la puissance est indiscutable, mais cette version évoluée gagne en habileté et en agilité. Ceci est possible grâce à la transmission de potentiel qui se produit lorsqu’un utilisateur d’un dispositif interdimensionnel Xplora fait de l’exercice dans son propre monde : sa performance se transmet à travers les différents univers parallèles et finit par profiter à un joueur d’Aces of Multiverse au hasard. Malheureusement, ces versions de Leonid Arkaimovich évolué sont peu fréquentes.
loc_char_oso_11_descr;« Nous nous sentons agiles. Nous nous sentons rapides. Nous nous sentons bien. »
loc_char_oso_12_bio;L’utilisateur du dispositif interdimensionnel Xplora qui a transmis les effets de son entraînement à ce David Guralev évolué a fait un excellent travail. Cette version dispose non seulement d’une force améliorée, mais aussi d’une habileté et d’une vitesse plus grandes. Un David Guralev aussi évolué est rare dans le multivers. Les probabilités que cette amélioration de performance se transmette depuis un utilisateur de Xplora sont minimes. Maintenant que cette étrange circonstance s’est produite, le public a la possibilité de profiter d’une version de David Guralev plus puissante que jamais.
loc_char_oso_12_descr;« Je me sens capable d’atteindre une lune plantigradienne et de la traverser de pôle en pôle... en passant par son centre. »
loc_char_oso_13_bio;L’entrelacement quantique a associé les cellules de Pavel avec celles d’un utilisateur de Xplora qui prenait son entraînement très au sérieux. Grâce à son exercice, Pavel a connu une incroyable augmentation dans beaucoup de ses caractéristiques : la force, l’habileté et la vitesse. C’est ainsi qu’est né Pavel Kirillovich évolué, un joueur exceptionnel. Un Pavel Kirillovich évolué au niveau de performance aussi élevé est très rare, quel que soit l’endroit du multivers. Le propriétaire du dispositif interdimensionnel Xplora à travers lequel il a reçu une grande puissance a, sans aucun doute, fait un incroyable travail. Grâce à ses incroyables efforts physiques, nous pouvons maintenant profiter d’un joueur exceptionnel.
loc_char_oso_13_descr;« Je ne suis jamais senti aussi bien depuis que ma jambe s’est endormie et que je la croyais remplie de fourmis. »
loc_char_oso_14_bio;Quelque part dans l’univers, le propriétaire d’un dispositif interdimensionnel Xplora s’est entraîné à fond. La puissance qu’il a transmise à travers le multivers était si grande qu’elle a permis de générer un Aleksei Rollan Ultraévolué capable d’atteindre des vitesses encore inégalées. Un Aleksei Rollan ultraévolué est un Aleksei Rollan rapide comme l’éclair. Cependant, il est très rarement présent sur les terrains de jeu du multivers. Cette gigantesque transmission de performance à travers le multivers ne se reproduit que très rarement. Mais un utilisateur Xplora y est arrivé, grâce à un entraînement efficace, et il faut fêter ça : maintenant, nous, les spectateurs, pouvons profiter d’un joueur d’une qualité stratosphérique.
loc_char_oso_14_descr;« Si je pouvais enlever mon masque, vous contempleriez le visage d’un joueur super puissant. »
loc_char_oso_15_bio;Né dans les laboratoires de Plantigrade, Ruslan est un clone perfectionné à partir de matériel génétique de la grande légende que tous les ursidés plantigradiens vénèrent : Youri Gagarine. Un ongle de pied du premier cosmonaute a été retrouvé dans le Spoutnik 2.2, le vaisseau spatial qui a colonisé Plantigrade. Les scientifiques ont fait incuber ses cellules et les ont dotées d’un talent surnaturel pour jouer à Aces of Multiverse. Un descendant de Youri Gagarine ne peut jouer que dans l’équipe des Sputnik Bears... Mais cette norme est uniquement valable dans le Premiumvers Original. Dans l’univers F333, Ruslan fait partie d’une équipe qui rend hommage à celui dont l’ADN a été extrait : les Gagar Insanes. Dans l’univers G333, les États-Unis ont devancé l’URSS et ont été les premiers à lancer un astronaute en orbite. Ainsi, Ruslan s’appelle Tommy McCoy.
loc_char_oso_15_descr;« Je vais vous envoyer valser avec Gagarin ! »
loc_char_oso_16_bio;Un utilisateur de dispositif interdimensionnel Xplora a réalisé le petit miracle d’améliorer l’inaméliorable. Grâce à ses exercices physiques, dont les effets se sont transmis à travers le multivers, il a réussi à faire évoluer Ruslan Antonov, atteignant une performance incroyable. Aujourd’hui, c’est l’un des joueurs les plus rapides de l’histoire, et il est beaucoup plus habile que le Ruslan original. Il est plus improbable de tomber sur cette version de Ruslan Antonov que sur un éléphant rose traversant la ceinture de Kuipper. L’intensité de l’entraînement de l’utilisateur de Xplora bienfaiteur a dû être énorme. Maintenant, tout le multivers se doit de le remercier : nous pourrons profiter d’un joueur presque aussi rapide que la lumière.
loc_char_oso_16_descr;« Grâce à ma nouvelle vitesse, je pourrais sortir de l’orbite de Plantigrade... Et de mon propre univers. »
loc_char_mutant_00_bio;Il a mangé des œufs pochés contaminés par le rhume radioactif et son ADN l’a transformé en cacatoès humanoïde. Il utilise son bec tranchant pour provoquer ses adversaires et aime penser que, grâce à lui, la victoire est toute proche. Cet hybride de cacatoès et d’humanoïde fait partie de l’équipe Radiostar Freaks dans le Premiumvers Original, où il pavane, fier comme un dindon de ses victoires. Mais dans d’autres réalités parallèles, il connaît d’autres destins. Dans l’univers G595, son aspect attendrissant lui a valu un poste dans les Toxic Cuties, l’équipe de mutants à croquer. Tragiquement, dans l’univers N2512, une réalité parallèle dans laquelle c’est toujours Noël, personne ne l’a revu depuis la dernière nuit de réveillon.
loc_char_mutant_00_descr;« Après l’œuf vient la poule. Et après la poule, vient la victoire. »
loc_char_mutant_01_bio;Transformée en fourmi humanoïde à cause du rhume radioactif, Ahreaks utilise sa mentalité ouvrière pour jouer en milieu de terrain et pense toujours au collectif, comme si l’équipe était sa propre fourmilière. Dans la grande majorité des réalités parallèles, Ahreaks est restée enfermée dans un sucrier géant. Cependant, dans le Premiumvers Original, elle a mis ses puissantes mandibules au service des Radiostar Freaks. Dans l’univers D303, elle est joueuse titulaire des Bizarre Sisters. Dans le V384, elle a créé un duo comique avec Pavel Kirillovich, acclamé par la critique et le public.
loc_char_mutant_01_descr;« L’individu n’est pas important. Seules comptent l’équipe et la fourmilière. »
loc_char_mutant_02_bio;Le rhume radioactif a modifié son ADN avec des gènes de chauve-souris, d’orang-outan et de perruche. Il a l’air tendre et doux, mais les apparences sont trompeuses. En réalité, il est irascible et mieux vaut ne pas le provoquer. Grâce à son talent, ce géant poilu se trouve dans les équipes de nombreuses réalités parallèles. Dans le Premiumvers Original, il joue dans les Radiostar Freaks. Dans le G595, il ne peut pas manquer à l’appel chez les Toxic Cuties, à cause de son aspect de peluche. Dans le K855, au contraire, c’est un virtuose de l’accordéon cannibale.
loc_char_mutant_02_descr;« Tout le monde veut me faire des câlins, jusqu’à ce qu’ils remarquent que je suis en train de leur rompre les os. »
loc_char_mutant_03_bio;Il n’était encore qu’un bébé lorsqu’il a contracté le rhume radioactif, qui a affecté son ADN et l’a transformé en une créature radioactive mortelle, avec un cerveau surdéveloppé emprisonné dans le corps d’un bébé mutant. Ce n’est pas si facile pour ce petit de trouver une équipe dans les multiples réalités parallèles. Il est uniquement possible de profiter de sa grande qualité de jeu dans les équipes où les entraîneurs arrivent à passer outre son aspect suspect. Il fait partie des Radiostar Freaks, mais dans l’univers F494, il fait aussi partie d’une équipe dont les membres partagent une caractéristique : tous sentent le saumon fumé (leurs matchs contre les ours sont assez violents).
loc_char_mutant_03_descr;« Tous les bébés sont mignons... Mais tous ne se transforment pas en un mutant radioactif mortel comme moi. »
loc_char_mutant_04_bio;On dit qu’elle vient d’une famille aristocratique, mais après avoir attrapé le rhume radioactif, elle s’est enfuie de son environnement noble, couverte de honte. Pour une mutante mono-organique (un seul organe, dans ce cas-ci, un œil, qui acquiert toutes les fonctions d’un individu) comme Sedurol, les choses sont toujours simples. Elle comprend clairement le jeu et peut anticiper les mouvements de ses adversaires comme si elle était clairvoyante. Voir, c’est croire. Il est difficile de trouver des versions alternatives de Sedruol dans les univers où l’on ne vend pas de collyre en pack familial. Ce n’est pas le cas du Premiumvers Original, où Sedruol milite pour la cause pro-mutante, et joue pour les Radiostar Freaks. Dans d’autres réalités parallèles, il est possible de la trouver dans quelques équipes, comme chez les Bizarre Sisters et les Morpho Blobs. Dans l’univers R984, elle est en prison pour avoir lancé une crotte d’œil sur un joueur extraterrestre, lui provoquant ainsi un grave trauma à la tête.
loc_char_mutant_04_descr;« Regarder fixement mes adversaires est le moindre mal que je puisse leur infliger. »
loc_char_mutant_05_bio;Bymheads est le parfait exemple de ce qui se produit si on mélange de l’ADN extraterrestre issu de différentes galaxies à une radiation virale. On obtient un être impossible et imprévisible. Impossible de savoir quelles capacités ou quels comportements il va utiliser. Dans 80 % des réalités parallèles, il est en prison pour avoir commis différents délits d’altération quantique de la réalité pour son propre bénéfice. Mais toutes les versions de cet inexplicable mutant ne sont pas malhonnêtes. Les Radiostar Freaks profitent de son jeu dans le Premiumvers Original. Dans l’univers E384, il fait partie des Morpho Blobs, les mutants les plus difformes. Dans le F484, au contraire, il a gagné le titre de M. Sympathie lors du concours de M. Univers.
loc_char_mutant_05_descr;« Pendant que tu te demandes encore ce que je suis, j’ai déjà remporté le match. »
loc_char_mutant_06_bio;Un supermammifère anarchiste avec des gènes radioactifs et un très mauvais caractère. À l’époque, Scimpheak était une squatteuse à Leeds, et à force de coups de coude, elle a réussi à se frayer un chemin jusqu’au sommet d’Aces of Multiverse, et est devenue l’une des meilleures buteuses. Mis à part l’univers D484 où la chasse aux girafes est autorisée même si leur quotient intellectuel est supérieur à 120 points, toutes les versions alternatives de Scimpheak sont d’excellentes joueuses d’Aces of Multiverse. Dans le multivers original, elle abandonne son squat uniquement pour aller s’entraîner avec les Radiostar Freaks. Dans le G232, elle s’est étouffée avec une arête de cachalot.
loc_char_mutant_06_descr;« Si tu lèves la tête pour me regarder dans les yeux, je te crache dans l’œil. »
loc_char_mutant_07_bio;Elle a reçu une augmentation notable de la performance grâce à une transmission interdimensionnelle, et elle est prête à vous voler dans les plumes. Cette version d’Aivlys œufoluée s’améliore en force et en habileté, grâce à l’exercice physique réalisé par un utilisateur de Xplora. Cette version alternative d’Aivlys est rare, cependant, elle existe bien. Pour que ce rêve devienne réalité, un propriétaire d’un dispositif interdimensionnel Xplora d’un monde parallèle a dû réaliser un important exercice physique. C’est seulement de cette manière qu’une telle quantité de performance a pu voyager à travers le multivers pour profiter à l’Aivlys originale.
loc_char_mutant_07_descr;« Maintenant que je suis plus forte et habile, je me sens comme un coq. Que co-co-co-commence le spectacle. »
loc_char_mutant_08_bio;Ahreaks a reçu une importante transmission quantique de performance provenant d’un utilisateur d’un dispositif interdimensionnel Xplora, qui lui a permis d’évoluer. Sa rapidité augmente encore plus, tout comme son habileté. L’incroyable rapidité de l’Ahreaks originale augmente jusqu’à transformer l’Ahreaks évoluée en l’un des joueurs les plus rapides du terrain. En outre, son habileté est également améliorée. Ce phénomène est hautement inhabituel. Seul un exercice physique intense pratiqué par un utilisateur de Xplora anonyme, dans un univers différent de celui de l’Ahreaks originale, a pu permettre d’envoyer une telle quantité d’information quantique à travers le multivers, pour faire évoluer ainsi les molécules d’Ahreaks.
loc_char_mutant_08_descr;« Je suis beaucoup plus rapide et je contrôle mieux la balle, je mérite un bon morceau de sucre. »
loc_char_mutant_09_bio;Uqeols évolue et obtient un meilleur lancer de ballon. Cette évolution a été possible car les molécules de ses cellules ont reçu toute la performance d’un mystérieux utilisateur d’un dispositif interdimensionnel Xplora. Uqueols nous conquérait grâce à son aspect attendrissant, mais Uqueols évolué va nous conquérir grâce à un lancer plus précis. C’est plutôt rare de voir ce joueur évolué : pour ce faire, une personne d’une autre réalité parallèle a dû s’entraîner suffisamment, et son dispositif interdimensionnel Xplora a dû envoyer toute cette nouvelle performance à travers le multivers.
loc_char_mutant_09_descr;« Pendant que tu admires mon joli pelage, tu pourrais bien recevoir une balle entre les deux yeux. »
loc_char_mutant_10_bio;L’entraînement pratiqué dans un autre univers par un utilisateur d’un dispositif interdimensionnel Xplora a eu un effet immédiat sur God, qui évolue. La performance s’est transmise à travers le multivers et l’a rendu plus efficace au lancer. C’est vraiment étrange de voir des bébés aussi habiles, mais voir un God évolué l’est encore plus. Pour trouver cette version alternative du joueur, un utilisateur Xplora a dû s’entraîner dans son propre monde, et toute la performance s’est transmise par entrelacement quantique à l’univers du God original. Désormais, nous pouvons profiter de son jeu, toujours aussi rapide, mais avec un meilleur lancer.
loc_char_mutant_10_descr;« Les autres bébés jettent la nourriture au sol, moi, maintenant, je lance la balle avec beaucoup plus de précision. »
loc_char_mutant_11_bio;Un utilisateur anonyme d’un univers éloigné a fait suffisamment de sport pour envoyer à la Sedruol originale une amélioration de sa performance : cette Sedruol évoluée est plus habile et est meilleure au lancer. Si sa façon de vous regarder vous préoccupe, vous sentirez peut-être mieux en sachant que cette Sedruol évoluée est rare, et que vous n’avez que très peu de chance de la croiser sur la majorité des terrains de jeu. Si au contraire vous aimez son élégance et que vous souhaitez disposer de son amélioration au niveau du tir et de l’habileté, vous devriez remercier l’utilisateur de dispositif interdimensionnel Xplora qui a fait du sport pour transmettre sa performance à travers le multivers.
loc_char_mutant_11_descr;« Que celui qui a des yeux pour voir regarde comment je lance et je contrôle la balle. »
loc_char_mutant_12_bio;La multitude de membres indescriptibles qui composent le corps de Bymheads est un véritable défi pour le système neurologique de n’importe quel être vivant. Maintenant, grâce aux exercices pratiqués dans une autre dimension par l’utilisateur d’un Xplora, Bymheads évolue et devient beaucoup plus précis en lancer. Le Bymheads original était déjà une bestiole rare, mais un Bymheads évolué l’est encore plus. Il existe très peu de probabilité quantique qu’un dispositif interdimensionnel Xplora envoie la performance de l’exercice physique de son utilisateur. Pourtant, ce n’est pas impossible. Désormais, il ne nous reste plus qu’à profiter de son jeu tout aussi rapide, mais avec un meilleur lancer.
loc_char_mutant_12_descr;« Coordonner tous ses bras pour lancer la balle n’est pas facile, mais maintenant, je le fais beaucoup mieux. »
loc_char_mutant_13_bio;Les caprices de l’entrelacement quantique ont profité de façon remarquable à Scimpheak, qui s’améliore ainsi en lancer et en habileté. L’utilisateur Xplora qui a transmis cette performance a réalisé un effort important. Voir une girafoïde se déplacer à la vitesse de la Scimpheak originale est rare, mais voir comment une Scimpheak évoluée lance et contrôle la balle l’est encore plus. L’utilisateur qui a transmis toute sa performance à travers le multivers, grâce à son dispositif interdimensionnel Xplora, a dû réaliser un intense entraînement, chose qui est bonne pour lui, et sans aucun doute, pour Scimpheak évoluée.
loc_char_mutant_13_descr;« Non seulement je contrôle et je lance mieux la balle, mais en plus, je n’ai plus de torticolis. »
loc_char_mutant_14_bio;Dans un lieu du multivers, un utilisateur anonyme d’un dispositif interdimensionnel Xplora a travaillé d’arrache-pied. L’exercice physique qu’il a réalisé a été intense que dans cette réalité parallèle, il a permis de créer Ahreaks ultraévoluée, qui améliore sa force, son habileté et son lancer. Désormais, non seulement elle fait partie des joueurs les plus rapides, mais elle dispose également d’autres caractéristiques incroyablement élevées. Mais, il est aussi rare de trouver cette version d’Ahreaks que de trouver une fourmi diabétique. Par conséquent, on peut se considérer chanceux et remercier l’utilisateur Xplora qui a sué sang et eau pour obtenir l’évolution de ce personnage.
loc_char_mutant_14_descr;« Quand les enfants écrasent une fourmi, on leur dit : tu aimerais qu’Ahreaks évoluée vienne t’écraser ? »
loc_char_mutant_15_bio;Né sur la planète Protozoolia, l’aspect original de Zapiram est celui de tout amébomorphe, c’est-à-dire, une cellule de 60 kg sans forme, une amibe gigantesque. Après avoir attrapé le rhume radioactif, son ADN s’est retrouvé infesté de gènes d’Homo sapiens, et elle a fini par être transmutée en humanoïde, chose qui ne l’a pas du tout amusée. Maintenant, chaque fois qu’elle se regarde dans le miroir, ses formes visqueuses et sculpturales protozoaires lui manquent, ce qui l’emplit de fureur avant les matchs. Cette joueuse stratosphérique est encore un protozoaire dans de nombreuses réalités alternatives. Nous pouvons considérer que nous avons de la chance dans les univers dans lesquels sa mutation humanoïde l’a poussée à devenir une étoile d’Aces of Multiverse. Si vous vivez dans la réalité parallèle adéquate, vous pourrez profiter de son jeu en équipe comme dans les Bizarre Sisters.
loc_char_mutant_15_descr;« J’ai perdu mon apparence d’origine. Je me contrefiche de sauver les apparences avec mes adversaires. »
loc_char_mutant_16_bio;Une transmission interdimensionnelle de performance a provoqué l’évolution de cette joueuse puissante. Zapiram évoluée atteint désormais des vitesses incroyables, en plus d’améliorer son tir. L’équipe qui profite des services de Zapiram évoluée peut se considérer incroyablement chanceuse, car son existence est hautement improbable. Le niveau d’exercice physique auquel a dû se soumettre un utilisateur d’un dispositif interdimensionnel Xplora pour obtenir cette évolution est méritoire. Des félicitations sont de mise.
loc_char_mutant_16_descr;« Regarde à quelle vitesse je vais te dépouiller de tes privilèges sur le terrain. »
loc_char_robot_00_bio;Il a construit son système écrasant avec la botte du premier adversaire qu’il a humilié sur un terrain de jeu. Certains pensent qu’à l’intérieur de cette botte se trouve également le pied de cet adversaire malchanceux. Pour connaître la vérité, il va falloir le mettre en pièces, mais il n’est pas d’humeur. Avec ou sans bottes, la forme oblongue de sa carcasse lui permet de résister à de grandes pressions. C’est pour cela que dans de nombreuses réalités alternatives, il travaille dans l’industrie de l’extraction minière sur des planètes géantes gazeuses. Cependant, dans le Premiumvers Original et dans une poignée d’autres multivers chanceux, il met sa résistance au service des meilleures équipes. Vous pourrez le voir chez les Electro Killers, les Robo Dancers d’autres associations décousues.
loc_char_robot_00_descr;« Je réponds à l’algorithme suivant : enlève-moi la pelote, et tu te mangeras ma botte. »
loc_char_robot_01_bio;Il est fier d’être un robot qui « s’est fait tout seul... » Littéralement ! Autrefois, il n’était qu’un petit doigt robotique qui récupérait de la ferraille pour gagner sa vie. Petit à petit, avec les pièces métalliques qui lui restaient et qu’il gardait dans une boîte de gâteaux, il s’est construit un corps et est devenu un joueur d’élite, un véritable exemple pour tous ceux qui commencent et qui ont besoin de motivation. Cependant, il n’a pas connu le même succès en se construisant dans tous les multivers. Dans l’univers Z842, une pièce défectueuse l’a condamné à être une boîte de gâteaux toute sa vie. Au contraire, dans le Premiumvers Original, tous ses circuits se connectent à la perfection pour créer un grand joueur d’Aces of Multiverse. La même chose a eu lieu dans l’univers R384, où il joue pour les Pseudochips Mix.
loc_char_robot_01_descr;« J’envoie travailler à la déchetterie de résidu électronique tous ceux qui disent que jouer à Aces of Multiverse est difficile. »
loc_char_robot_02_bio;Conçu comme Robbie9 sur une planète interdite, il travaillait au service d’un docteur fou qui s’obstinait à vouloir enlever les fils d’un célèbre scientifique. Maintenant qu’il est enfin libre, il a renoncé à son nom d’esclave et n’a qu’une seule chose en tête : jouer à Aces of Multiverse et oublier son lourd passé. Son rêve de liberté est si puissant que Freesteam devient un joueur d’Aces of Multiverse dans presque toutes les réalités parallèles. Cette mission cosmique l’a transformé en joueur titulaire des Electro Killers, des Robo Dancers et de beaucoup d’autres équipes de différents univers. Seulement dans une poignée d’univers il continue à vivre comme esclave sur une planète interdite, et rêve chaque jour de s’échapper et de se venger.
loc_char_robot_02_descr;« On peut me demander une nouvelle mise à jour de logiciel, mais jamais on ne m’enlèvera ma liberté. » 
loc_char_robot_03_bio;Il a été conçu pour déclencher des armes nucléaires afin de détruire des planètes, mais avant la libération des robots, ces circuits qui le rendaient mortel ont été retirés. Aujourd’hui, il joue à Aces of Multiverse le jour, et la nuit, il essaye de récupérer ses anciens composants, sans lesquels il se sent vide. Que fera-t-il quand il le retrouvera ? Bon, mieux vaut ne pas être dans ce plan du multivers quand ceci se produira. Impossible de savoir de source sûre dans combien d’univers il a réussi à recomposer son détonateur nucléaire quantique et détruire une planète où lui-même se trouvait, mais on estime que c’est arrivé dans plusieurs. Dans toutes les autres réalités parallèles, il continue à jouer sur le terrain, et recherche sans relâche ses pièces perdues. Cependant, dans l’univers hippie H832, il a appris que l’amour est plus fort que la haine. Mieux vaut le surveiller de près.
loc_char_robot_03_descr;« Jouer contre moi, c’est de la bombe. » 
loc_char_robot_04_bio;Quand il était esclave, son seul but dans la vie était de remplacer les rouleaux de papier hygiénique dans les toilettes du PDG des Industries Third Kind. Une fois libre, il a dû se soumettre à un nettoyage de logiciels (et de carcasse) pour prendre confiance en lui. Cependant, c’est en jouant à Aces of Multiverse qu’il a réussi à trouver un sens à sa vie. Comme les robots n’ont pas obtenu d’indépendance réelle dans tous les univers, dans certains d’entre eux, il travaille encore comme employé chargé du nettoyage des toilettes. Dans d’autres, il a encore ses instincts hygiéniques, et il n’est pas rare de le voir s’arrêter en milieu de terrain pour nettoyer l’arrière-train de ses adversaires. Mais en général, c’est un joueur compétent et il le démontre dans le Premiumvers Original, dans les rangs des Electro Killers.
loc_char_robot_04_descr;« Vous voulez un nouveau rouleau de papier ? Alors, allez vous l’acheter ! »
loc_char_robot_05_bio;Est-ce qu’un robot novateur sanitaire, spécialisé dans les interventions obstétriques, peut devenir un joueur impétueux d’Aces of Multiverse ? Oui. Après la libération robotique, cet androïde a reconverti ses pinces amoureuses, destinées à chouchouter les nouveau-nés, en deux armes mortelles capables de couper en deux ses adversaires. Les versions alternatives de ce robot qui se consacrent à Aces of Multiverse ont beaucoup plus de succès que celles qui continuent à travailler dans l’obstétrique dans leur réalité parallèle. Avec les Electro Killers, Leafreaper a eu la possibilité d’aider une spectatrice qui avait perdu les eaux à accoucher, et de marquer quatre buts dans la foulée. On peut également le voir défendre les couleurs des Pseudochips Mix et d’autres équipes.
loc_char_robot_05_descr;« Mes pinces te caressent jusqu’à la moelle. »
loc_char_robot_06_bio;Pendant ses années d’esclavage, il a vécu enfermé dans un entrepôt, car son système d’exploitation n’a pas eu le succès commercial escompté, toutefois obtenu par d’autres concurrents. Personne ne voulait l’acheter. Après la libération, il a dû trouver un but dans sa vie. Il n’a pas tardé à le découvrir : jouer à Aces of Multiverse. Être enfermé dans une caisse n’est pas un destin acceptable pour un être autoconscient. C’est pourquoi Distantglade a échappé à ce destin dans presque toutes les réalités parallèles, où il a également démontré un talent exceptionnel à Aces of Multiverse, sans presque aucune exception. Cependant, dans l’univers X484, il est toujours enfermé à l’intérieur de sa caisse, car il a développé l’agoraphobie.
loc_char_robot_06_descr;« Je n’aime pas les gens qui ne sont pas faits de métal à l’intérieur, c’est pourquoi je les remplis de plomb. »
loc_char_robot_07_bio;Summerstride a évolué après avoir reçu une transmission de performance à travers le multivers. L’amélioration de sa vitesse est remarquable. Celle-ci est doublée par rapport à celle du Summerstride original. L’utilisateur de Xplora qui a obtenu cette évolution a sans aucun doute fait un excellent travail. La version alternative et évoluée de Summerstride, qui est très rapide et habile, est rare. Celui qui a réussi à exécuter un tel envoi transdimensionnel de performance a dû suer sang et eau. C’est pourquoi nous sommes reconnaissants envers l’utilisateur de Xplora qui y est parvenu.
loc_char_robot_07_descr;« Je commence tout à coup à penser que mon père était une balle. »
loc_char_robot_08_bio;Un utilisateur d’un dispositif interdimensionnel Xplora a sué à grosses gouttes et, grâce à cela, Havenscream a évolué de façon remarquable. Sa vitesse a tellement augmenté qu’il est désormais presque deux fois plus rapide que l’original. Son habileté s’est également améliorée. Pour que cette version évoluée de Havenscream soit possible, un propriétaire anonyme d’un dispositif interdimensionnel Xplora a dû faire beaucoup d’exercice, et de façon très intense. C’est la seule façon d’expliquer une telle augmentation de la vitesse et de l’habileté du joueur. Il est donc très inhabituel de trouver un Havenscream évolué dans le multivers.
loc_char_robot_08_descr;« Si j’avais profité d’une telle vitesse quand j’étais enfant, j’aurais été heureux. »
loc_char_robot_09_bio;Freesteam a évolué, gagnant en vitesse et en habileté. Une transmission de performance provenant d’une autre réalité parallèle lui a été remarquablement profitable, grâce au dispositif interdimensionnel Xplora et à l’entraînement réalisé par son utilisateur. Suer à grosses gouttes dans un coin oublié du multivers peut avoir comme conséquence qu’un robot d’une réalité parallèle améliore ses conditions de jeu. C’est ce qui est arrivé à Freesteam évolué, mais il est rare qu’un tel phénomène se produise. Sans cet utilisateur de Xplora qui s’est entraîné et qui a transmis sa performance au moyen de son dispositif interdimensionnel, Freesteam évolué appartiendrait au domaine du rêve.
loc_char_robot_09_descr;« Si la puissance est synonyme de liberté, aujourd’hui, je me sens plus libre que jamais. »
loc_char_robot_10_bio;Fruit de l’entrelacement quantique grâce auquel se sont associées les molécules des circuits de Snakegrain aux cellules de l’utilisateur d’un dispositif interdimensionnel Xplora, ce petit robot a évolué pour devenir l’un des plus rapides de son espèce. Si ses intentions vous inquiètent, ne craignez rien : son existence est inhabituelle, quel que soit l’endroit du multivers. Pour obtenir une version évoluée aussi rapide de Snakegrain, un utilisateur de Xplora a dû réaliser un effort physique très intense, avant de transmettre la performance à travers le multivers. Maintenant que Snakegrain évolué est ici, profitons de son jeu et essayons d’ignorer son objectif personnel de détruire l’univers.
loc_char_robot_10_descr;« Maintenant, je peux me déplacer plus vite. Est-ce que je serai aussi rapide lorsque j’activerai mon explosif thermonucléaire ? »
loc_char_robot_11_bio;Cette fois, l’entrelacement quantique interdimensionnel a favorisé Ironthorne, qui évolue et gagne surtout de la vitesse. Provenant d’une réalité inconnue où un utilisateur d’un dispositif Xplora s’est entraîné, la transmission de performance a sillonné le multivers. Cette version évoluée d’Ironthorne est rare. On ne la croise pas souvent dans le multivers connu. Cependant, elle existe bel et bien. Un utilisateur d’un dispositif interdimensionnel Xplora l’a créée en lui transmettant la performance de son exercice physique. Et la voilà, pour le grand plaisir de tous.
loc_char_robot_11_descr;« Si je dois me désintégrer, que ce soit après avoir fait fondre mes circuits à cause de la vitesse. »
loc_char_robot_12_bio;Leafreaper présente sa nouvelle évolution après avoir reçu une importante transmission de performance provenant d’un utilisateur de Xplora qui s’est entraîné dans le multivers. Dans sa nouvelle condition, il augmente sa vitesse de façon remarquable. Leafreaper évolué est un joueur inhabituel qu’on ne s’attend pas à croiser sur les terrains de jeu. Cependant, l’entraînement d’une personne propriétaire d’un dispositif interdimensionnel Xplora a rendu ce phénomène possible. Désormais, nous pouvons profiter de sa qualité métallique à une vitesse inégalée.
loc_char_robot_12_descr;« Ma nouvelle vitesse correspond à l’espace du terrain de jeu divisé par le temps minime que je mets pour marquer. »
loc_char_robot_13_bio;L’intense exercice physique réalisé par un utilisateur d’un dispositif interdimensionnel Xplora a eu les effets escomptés à l’autre bout du multivers. Distantglade a reçu une transmission remarquable de performance et évolue, gagnant surtout en vitesse. Pour que cette existence de Distantglade soit possible, le propriétaire d’un dispositif interdimensionnel Xplora a dû suer copieusement, avant de réussir à transmettre avec succès toute cette performance dans une autre dimension. Par conséquent, Distantglade évolué est un joueur peu commun. C’est donc une véritable joie d’en profiter ici et maintenant.
loc_char_robot_13_descr;« Je ne sais toujours pas quelle était ma fonction d’origine, mais je sais que désormais, je pourrais la mener à bien à une vitesse plus grande. »
loc_char_robot_14_bio;Un volume colossal de performance vient de se transmettre grâce à un dispositif interdimensionnel Xplora et a atteint un Freesteam. Il évolue et acquiert une force et un lancer remarquables. Cette version évoluée de Freesteam est incroyablement rare. C’est donc une véritable chance de le compter parmi nous. Nous devons cet honneur à l’utilisateur de Xplora qui a pratiqué suffisamment d’exercice physique pour créer cette condition quantique à l’autre bout du multivers.
loc_char_robot_14_descr;« Si tu te trouves à ma droite, je peux lancer une pierre à gauche qui fera le tour de la planète et qui viendra te frapper en pleine figure. » 
loc_char_robot_15_bio;Fatigué de voir les humains utiliser des pièces robotiques pour améliorer leur organisme, se transformant ainsi en cyborg, Downjumper est le premier robot à faire le contraire : il renforce son matériel grâce à des organes humains. Des poumons pour optimiser le système d’extraction des gaz, une membrane pituitaire pour la détection moléculaire et un gros intestin pour dégoûter un peu ses rivaux font de cet androïde le premier roborg jamais créé. Ce grandiose Ace robotique est très rare dans toutes les réalités alternatives. En effet, la technologie qui permet d’implanter des organes dans un robot est beaucoup plus complexe que la technologie inverse. Si un jour vous avez la possibilité de le voir jouer, dans des équipes comme les Pseudochips Mix de l’univers R384 ou les Robo Dancers de l’univers B848, il vous épatera.
loc_char_robot_15_descr;« J’ai une partie plus molle que les autres, mais ce n’est pas celle-ci que j’utiliserai pour te réduire en bouillie. » 
loc_char_robot_16_bio;Le puissant Ace de race robotique a reçu une transmission remarquable de performance qui lui a permis d’évoluer et de devenir l’un des joueurs les plus rapides du terrain. S’il est déjà rare de croiser un Downjumper original, trouver un Downjumper évolué revient à chercher une aiguille dans une botte de foin. L’exercice physique qu’a dû réaliser le propriétaire du dispositif interdimensionnel Xplora pour faire de ce joueur une réalité a été intense. Désormais, nous pouvons vibrer grâce à la vitesse de ce grand joueur.
loc_char_robot_16_descr;« Ma partie humaine se sent bien, ma partie robotique calcule mieux. »
loc_char_martian_00_bio;
loc_char_martian_00_descr;
loc_char_martian_01_bio;
loc_char_martian_01_descr;
loc_char_martian_02_bio;
loc_char_martian_02_descr;
loc_char_martian_03_bio;
loc_char_martian_03_descr;
loc_char_martian_04_bio;
loc_char_martian_04_descr;
loc_char_martian_05_bio;
loc_char_martian_05_descr;
loc_char_martian_06_bio;
loc_char_martian_06_descr;
loc_char_martian_07_bio;
loc_char_martian_07_descr;
loc_char_martian_08_bio;
loc_char_martian_08_descr;
loc_char_martian_09_bio;
loc_char_martian_09_descr;
loc_char_martian_10_bio;
loc_char_martian_11_descr;
loc_char_martian_12_bio;
loc_char_martian_12_descr;
loc_char_martian_13_bio;
loc_char_martian_13_descr;
loc_char_martian_14_bio;
loc_char_martian_14_descr;
loc_char_martian_15_bio;
loc_char_martian_15_descr;
loc_char_martian_16_bio;
loc_char_martian_16_descr;
loc_char_pr_00_bio;Et si dans un univers parallèle le personnage d’Alice au Pays des Merveilles était réel ? Bon, presque réel. Parce qu’Alice a chassé le lapin blanc, a volé son chapeau au chapelier fou, a coupé la tête de la reine et est revenue bien décidée à mettre la gomme dans une équipe d’Aces of the Multiverse.
loc_char_pr_00_descr;« Je ne crois plus aux contes de fée ». 
loc_char_pr_01_bio;Dans d’autres univers, les mamies font du tricot. Dans l’univers de Nancy Neutrino, les mamies inventent des jetpacks supersoniques. La sienne a emporté dans la tombe le secret de son sac-à-dos à réaction quantique, qui peut vous convertir en la première personne capable de voyager plus vite que la lumière...Le problème, c’est que, comme pour tout ce qui est quantique, ça dépend du hasard. Comme Nancy Neutrino ne sait pas quand elle activera sa jetpack, elle ne l’enlève jamais. En attendant que ce jour glorieux arrive, elle joue à Aces of the Multiverse.
loc_char_pr_01_descr;« Jouer à Aces of the Multiverse, ce n’est pas si difficile...sauf si vous jouez contre moi ». 
loc_char_pr_02_bio;Son apparence délicate est trompeuse. Flower a grandi dans un univers floral massif, ce qui pourrait être plutôt sympa...Si on omet les atmosphères asphyxiantes, riches en CO2 et pauvres en oxygène, les insectes géants ultraévolués, venimeux et mortels, ou les tempêtes de pollen toxique létal. Flower a appris à jouer à Aces pour sortir de sa réalité parallèle et emmener avec elle tous ses frères. C'est pour cela qu’elle joue comme ça : parce qu’il y va de sa vie.
loc_char_pr_02_descr;« Si vous êtes de ceux qui s’arrêtent pour sentir les fleurs, vous ne sentirez pas la victoire ».
loc_char_pr_03_bio;Descendante d’une longue saga de super-vilains, la vie de Rosalievil Dark a été bouleversée quand son père a été arrêté quelques secondes avant qu’il ne parvienne à détruire en un clin d'œil tous les univers possibles. Maintenant, Rosalievil est la dernière Dark en liberté et, vu ses gènes, les gardes de sécurité de Third Kind ne la quittent pas des yeux une seconde. Le seul espace où elle peut oublier sa soif de mal est le terrain de jeu.
loc_char_pr_03_descr;« Je ne me lève tôt que pour aller détruire l’univers ».
loc_char_pr_04_bio;Abitha est belle. Très belle. Si belle que son visage peut rendre fou toute personne qui le contemple. C'est pourquoi elle réserve cette vision à ses ennemis les plus farouches. En attendant, elle porte son masque de lapin, comme un loup avec une peau de brebis, en hommage à sa joueuse la plus admirée, Juani Bunny.
loc_char_pr_04_descr;« Avant que vous ne détruisiez la beauté, c’est vous que la beauté détruira ».
loc_char_pr_05_bio;Est-ce que les livres peuvent vous transformer en une joueuse d’élite ? Oui, si vous avez un cerveau génétiquement stimulé comme celui de Messalina Leonidas. Ses lectures, comme l’Art de la guerre, Devenez une star de l’Aces of Multiverse en 10 étapes ou Conversations avec Zapiram, lui ont permis de convertir des données en mouvements, tactiques et techniques dans sa petite tête privilégiée.
loc_char_pr_05_descr;« Je peux lire l'avenir : il est écrit dans un livre sur la défaite ».
loc_char_pr_06_bio;Le pouvoir du sentiment profond, capable de déchirer les cœurs et de provoquer les hurlements du vent dans votre intérieur, se manifeste chez Emily de façon très particulière : plus elle est saisie par l’émotion, plus elle accumule d’énergie dans ses cellules, et plus son jeu dans Aces of the Multiverse est bon. Alors, si vous cherchez à la vaincre, ne la faites pas pleurer.
loc_char_pr_06_descr;« Vous entendez la pluie qui tombe sur la vitre ? Ça représente la tristesse que je ressens à devoir vous vaincre ».
loc_char_pr_07_bio;En entrelaçant de manière quantique l’univers d’un mystérieux utilisateur avec celui d’Alice, à travers un dispositif interdimensionnel Xplora, la joueuse devient tout à coup plus forte. Pour cela, l’utilisateur anonyme a dû s’entraîner avec une bonne dose d’exercice exténuant.
loc_char_pr_07_descr;« Le dernier biscuit que j’ai mangé en poursuivant le lapin blanc m’a rendu plus forte ».
loc_char_pr_08_bio;Ça parait incroyable que quelque chose d’aussi petit que Nancy Neutrino ait tout d’un coup réussi à accroître autant sa force. Derrière ce phénomène, il y a un utilisateur anonyme d’un dispositif Xplora interdimensionnel qui a provoqué un entrelacement quantique en s’entraînant. Plus ces utilisateurs prendront le sport au sérieux, plus nos joueurs s’amélioreront.
loc_char_pr_08_descr;« Maintenant je sens que le sac à dos est moins lourd »
loc_char_pr_09_bio;Flower a évolué après avoir reçu une transmission de performance à travers un dispositif interdimensionnel Xplora. Le progrès le plus évident se trouve dans son lancer, qui la convertit en une joueuse extrêmement dangereuse. L’utilisateur de Xplora qui a obtenu cette évolution a fait un excellent travail.
loc_char_pr_09_descr;« Je ne vous enverrai plus de fleurs, à partir de maintenant je vous lancerai plein de coups »
loc_char_pr_10_bio;Rosalievil a évolué, gagnant en vitesse et en habileté. Tout vient de la confluence des dispositifs interdimensionnels Xplora avec l’exercice d’un utilisateur, qui a permis la transmission de performance entre multivers au plus grand profit de la joueuse.
loc_char_pr_10_descr;« Je sens que je suis plus habile et que je tiens plus longtemps...Comme ça je peux être plus méchante pendant plus d’heures encore ».
loc_char_pr_11_bio;Abitha a reçu une importante transmission quantique de performance qui a presque fait tomber son masque. Elle provient de l’utilisateur d’un dispositif interdimensionnel Xplora qui, avec son exercice physique, a fait évoluer la joueuse. Sa résistance et sa vie augmentent et la rendent encore plus coriace.
loc_char_pr_11_descr;« On dit que la beauté est fragile, mais moi, même une explosion de rayons gamma ne peut plus m’abattre ».
loc_char_pr_12_bio;Le caractère aléatoire de l’entrelacement quantique a grandement profité à Messalina. Maintenant, sa force et son lancer sont devenus plus puissants. L’utilisateur Xplora qui a transmis cette performance a réalisé un effort important.
loc_char_pr_12_descr;« Cessez de répéter que votre destin est écrit, alors que maintenant je peux le changer d’un coup de ballon ».
loc_char_pr_13_bio;Un utilisateur anonyme d’un univers lointain a fait du sport de manière très intense. Tellement qu’il a réussi à envoyer à l’Emily Emo Lee originale une bonne augmentation de vitesse et de résistance.
loc_char_pr_13_descr;« Ce qui vous tue presque d’émotion vous rend beaucoup plus fort ».
loc_char_pr_14_bio;Une transmission de performance à travers le multivers a changé beaucoup de choses dans la vie de Nancy Neutrino. Enfin, le contrôle des particules quantiques dont elle avait besoin pour faire marcher son jetpack à sa guise est devenu une réalité. Et pas seulement ça : elle dispose aussi désormais d’attributs qui se trouvent parmi les plus puissants du tournoi. Tout ça grâce aux heures de sport accumulées par l’utilisateur d’un dispositif interdimensionnel Xplora.
loc_char_pr_14_descr;« Maintenant que cet engin fonctionne, ça va barder ».
loc_char_pr_15_bio;La Juani vient d’un univers surpeuplé de lapins chanceux où vous devrez prouver ce que vous valez vraiment pour qu’on vous remarque parmi tant d’habitants magiques. La Juani a démontré sa chance spéciale en jouant à l’Aces clandestin dans des zones industrielles et des parkings de discothèque. Rapidement, les organisateurs de la ligue Aces of the Multiverse l’ont remarquée et lui ont proposé de mener des équipes. Mais il est dans la nature de tout lapin chanceux d’être insaisissable. Alors, si vous arrivez à l’avoir dans votre équipe, eh bien, vous pourrez dire que vous avez de la chance.
loc_char_pr_15_descr;« J’ai largement assez d’incisives pour couper votre période de chance »
loc_char_pr_16_bio;Si les malheurs n’arrivent jamais seul, on peut dire qu’avec les bonheurs, c’est pareil. Une transmission interdimensionnelle de performance a provoqué l’évolution de cette puissante joueuse. Juani « Lucky » Bunny a obtenu l’étrange et spéciale capacité d’altérer le sort de tous les joueurs du terrain. Et tout ça grâce à l’utilisateur inconscient d’un dispositif interdimensionnel Xplora qui faisait du sport tranquillement dans sa réalité parallèle.
loc_char_pr_16_descr;« Nous avons eu de la chance : l’heure est venue de faire le grand saut »
loc_eq_00_name;Electric Protection
loc_eq_00_info;Les Industries Third Kind ont trouvé ces dispositifs décrits dans le roman A Journey in Other Worlds lors d’un voyage dans l’univers de John Jacob Astor IV. La corporation a immédiatement breveté cette technologie pour la commercialiser au niveau multiversel dans toutes les réalités ou l’on joue à Aces of Multiverse.
loc_eq_00_descr;Périmètre électro-défensif conçu pour que les attaquants réfléchissent à deux fois avant de vous frapper. FORCE +2 « Avec Protection électrique, plus on me frappe, plus je me sens puissant. » Moustakim Vitailevich
loc_eq_01_name;Bio Energy
loc_eq_01_info;Depuis son invention dans l’univers de Johnathan Swift, comme celui-ci le décrit dans les Voyages de Gulliver, ce dispositif a été utilisé pour répondre à la demande énergétique de différentes populations. Les techniciens en ingénierie sportive ont réussi à l’adapter pour obtenir de meilleures performances sur le terrain de jeu.
loc_eq_01_descr;Médicament qui permet d’extraire l’énergie des microbiotes de l’organisme pour vous donner plus de puissance de frappe. FORCE +2 « Il paraît que nous sommes composés à 90 % d’eau, mais avec Bio-énergie, nous sommes composés à 90 % de boisson énergétique. » Aivlys
loc_eq_02_name;Wind Power Generation
loc_eq_02_info;Les Industries Third Kind se sont approprié cet autre dispositif lors de leurs voyages dans la dimension de John Jacob Astor IV, décrite dans son roman A Journey In Other Worlds. Les ingénieurs sportifs du Premiumvers Original l’ont adapté au jeu.
loc_eq_02_descr;Canalise les courants d’air permettant de propulser le ballon. LANCER +2 « Enfin un gaz beaucoup plus efficace que celui provoqué par les boîtes de conserve de haricots radioactifs. » Uqeols
loc_eq_03_name;Nexus 6 brain Unity
loc_eq_03_info;Issu de la réalité alternative N232, où toutes les inventions de Phillip K Dick deviennent réalité, les espions industriels interdimensionnels ont obtenu les plans de la structure organique du cerveau de Réplicant décrit dans Les androïdes rêvent-ils de moutons électriques ?
loc_eq_03_descr;Cerveau de Réplicant permettant d’améliorer votre performance neuronale. HABILETÉ +2 « Comme disent les robots : pour certaines choses, mieux vaut avoir un cerveau, qu’il soit électronique ou de type spongieux. » Freesteam
loc_eq_04_name;Magnetic eyes
loc_eq_04_info;Autre innovation de l’ingénierie civile adaptée à Aces of Multiverse pour améliorer la performance des joueurs. Ce dispositif décrit dans Journey In Other Worlds provient de l’univers de John Jacob Astor IV.
loc_eq_04_descr;Greffes oculaires cybernétiques permettant de voir beaucoup plus loin que le spectre de la lumière visible. FORCE +2 « Regarde-moi dans les yeux, je lui ai dit. Et il m’a vu marquer un but dans sa cage. » C’thalnig
loc_eq_05_name;Neural Lace
loc_eq_05_info;Les espions industriels interdimensionnels ont obtenu ce dispositif dans la dimension de Iain Banks décrite dans le roman Les Enfers virtuels. Ils ont très vite déterminé que ce dispositif pouvait grandement améliorer la performance en jeu.
loc_eq_05_descr;Nanogreffe cérébrale capable d’intensifier les connexions neuronales, améliorant ainsi l’habileté du porteur. HABILETÉ +2 « C’est un dispositif très utile. En le portant, on ressent un léger picotement dans la tête... Non... Attendez... J’ai des puces. » Aleksei Rollan
loc_eq_06_name;Acceleration Shell
loc_eq_06_info;L’univers de Joe Haldeman a fourni cette inestimable innovation aux voyageurs interdimensionnels, qui l’ont découverte dans le roman La Guerre éternelle. Une fois dans le Premiumvers Original, les techniciens des Industries Third Kind l’ont adaptée pour qu’elle puisse être utilisée en jeu.
loc_eq_06_descr;Combinaison-cocon qui réduit l’attraction gravitationnelle, permettant ainsi de se déplacer plus rapidement. VITESSE +2 « Sur le terrain de jeu, pas besoin d’un costume pour être plus attractif. Au contraire. » Zapiram
loc_eq_07_name;Steel Tentacle
loc_eq_07_info;L’univers de H.G. Wells est continuellement visité par des voyageurs interdimensionnels qui y trouvent des idées d’une richesse incroyable qu’ils adaptent ensuite dans les autres réalités alternatives. Un objet aussi simple que le tentacule d’acier, décrit dans La Guerre des mondes, devient un dispositif précieux pour les joueurs d’Aces of Multiverse.
loc_eq_07_descr;Appendice blindé et autonome qui vous protège des attaques ennemies. FORCE +2 « Je n’ai jamais eu l’occasion de le manipuler, mais l’un de mes adversaires l’a fait et maintenant, il me manque trois dents. » Ursula Cornelia Oakley
loc_eq_08_name;Space sick
loc_eq_08_info;Dans l’univers de Hugo Gernsback, concrètement celui décrit dans le roman Ralph 124c 41 +, des bioingénieurs des Industries Third Kind ont réutilisé le concept de mal de l’espace, et se sont retroussé les manches pour concevoir, non pas un remède, mais un dispositif pour le provoquer. Après avoir breveté le dispositif, quelqu’un a pensé que ce serait une bonne idée de l’utiliser dans les stades d’Aces of Multiverse.
loc_eq_08_descr;"Nanoparticules balistiques projetées contre les centres nerveux de vos adversaires à chaque coup. Augmente les possibilités de les blesser ou de les mettre K.O. « Une nanotechnologie sportive ? On a toujours besoin d’un plus petit que soi. » Bethany Mary Champ"
loc_eq_09_name;Gyro Hat
loc_eq_09_info;L’intégralité du traité An Experiment in Gyro-Hats est consacré à ce dispositif dans la réalité alternative d’Ellis Parker Butler. Une innovation aussi détaillée tombait à pic pour les espions industriels interdimensionnels qui n’ont pas tardé à dérober les plans et à les copier pour les utiliser dans le Premiumvers Original.
loc_eq_09_descr;Chapeau qui fonctionne par reflet inversé : plus il vous fait paraître stupide aux yeux de vos ennemis, plus il augmente votre habileté. HABILETÉ +2 « Je tire mon chapeau à cette invention. Bon, mieux vaut ne pas le retirer, vous voyez ce que je veux dire... » Leafreaper
loc_eq_10_name;Magenitized Boots
loc_eq_10_info;Il s’agit d’un élément classique présent dans toutes les réalités alternatives, mais, tout comme le savent les ingénieurs des Industries Third Kind, le meilleur de tous est celui qui est décrit dans le roman Salvage in Space, dans l’univers de Jack Williamson.
loc_eq_10_descr;Construites en métalion enrichi, ces bottes octroient au porteur une grande puissance et habileté, mais leur poids diminue ses autres capacités. FORCE +2 HABILETÉ +2 LANCER -2 VITESSE -2 « Comme disait Nancy Sinatra, these boots are gonna walk all over you ». Sedruol
loc_eq_11_name;Impact Suit
loc_eq_11_info;Décrite dans le roman The Flying Sorcerers, cette combinaison conçue dans la dimension de David Gerrold a été dénichée presque par hasard par les espions industriels interdimensionnels.
loc_eq_11_descr;Tissée en soie arachnostellaire, elle augmente la force du porteur, mais entrave certains de ses mouvements. FORCE +3 LANCER -1 HABILETÉ -1 « Les bonnes joueuses d’Aces savent aussi comment bien s’habiller pour avoir de l’impact sur les autres. » Rhoda Julia Fisher
loc_eq_12_name;Heavy Impactor
loc_eq_12_info;Bien que les Industries Third Kind aient fréquemment recours à l’espionnage industriel interdimensionnel, la corporation dispose toujours d’un petit département de recherche où leurs chercheurs font parfois des découvertes. C’est le cas pour cette lotion chimique, conçue pour multiplier la performance des joueurs d’Aces of Multiverse.
loc_eq_12_descr;Lotion corporelle avec nanoprincipes actifs qui fortifie les fibres musculaires, et augmente la force ainsi que les possibilités de blesser ou d’éliminer l’adversaire. FORCE +2 « N’associez jamais ça à un déodorant. Vous finirez chez le dermatologue avec une peau fluorescente. » God
loc_eq_13_name;Dimensoscope
loc_eq_13_info;Ce dispositif était l’un des plus recherchés par les espions industriels des Industries Third Kind. Après de nombreux sauts interdimensionnels, ils ont enfin réussi à trouver un design fonctionnel dans le roman The Fifth Dimension Catapult, de l’univers de Murray Leinster.
loc_eq_13_descr;Ce dispositif permet de voir en plus de trois dimensions, ce qui améliore le lancer et l’habileté. Cependant, il a aussi des répercussions sur d’autres capacités. LANCER +2 HABILETÉ +2 VITESSE -3 « Ce dispositif me permet de mieux te voir... comme le disait le loup au Petit chaperon rouge. » Kirill Georgy
loc_eq_14_name;Weightlessness
loc_eq_14_info;L’univers de Verne est l’un des plus explorés par les espions industriels interdimensionnels, étant donné la richesse des innovations qu’on y trouve habituellement. Par exemple, dans le roman De la Terre à la Lune, ils ont découvert le concept d’apesanteur, qui leur a donné l’idée de développer ce dispositif et de l’adapter pour le terrain de jeu.
loc_eq_14_descr;Émet des antigravitons qui réduisent le poids des joueurs de chaque équipe, réduisant ainsi les dégâts des impacts et augmentant la vitesse. VITESSE +2 IMPACTS -2 (dans les deux équipes) « Qui s’est déjà retrouvé hors-la-loi... même s’il s’agit de la loi de la gravité ? Kag’fhtagn
loc_eq_15_name;Null suit
loc_eq_15_info;Les petits générateurs qui rendent possible cette innovation sont inspirés de ceux décrits dans le roman Le Canal Ophite, écrit dans l’univers de John Varley. Les adapter au jeu est extrêmement compliqué car des années de travail de synchronisation sont nécessaires, d’où la rareté de cet équipement puissant.
loc_eq_15_descr;"Combinaison d’entrelacement quantique, qui associe vos particules à celle de l’attaquant. Ainsi, c’est l’attaquant qui reçoit la force de son propre impact.« C’est un véritable retournement de situation, que l’on reçoit en pleine poire. » R’ly’shogg"
loc_ev_00_name;Counter Machine
loc_ev_00_info;On a toujours dit que les ingénieurs de Third Kind sont très mauvais lorsqu’il s’agit d’inventer, mais excellent lorsqu’il s’agit de copier. Ce dispositif conçu pour annuler les effets des équipements des rivaux constitue un bel exemple de leur grande capacité à assimiler la technologie des autres : comprendre les inventions des autres pour éliminer leurs effets est typique de la philosophie des Industries Third Kind.
loc_ev_00_descr;Produit une impulsion électromagnétique qui utilise tout le temps alloué à la capacité d’une équipe rivale. « Les enfants, c’est l’heure d’éteindre la lumière et de dormir. » Bymheads
loc_ev_01_name;Gravity belt
loc_ev_01_info;Une technologie conçue pour faciliter l’exploration spatiale, tout comme expliqué dans Venus Mines, Incorporated, de l’univers de Nat Schachner, a été inversée par les ingénieurs du Premiumvers Original pour provoquer l’effet contraire chez ceux qui entrent dans le champ d’action de la ceinture.
loc_ev_01_descr;Celui qui touche le porteur remarquera l’influence immédiate de l’anti gravité. « Avec cette ceinture, tu t’approches de moi, bing, bang, boum, tu finiras dans la Lune » Yaroslav Yilinch.
loc_ev_02_name;Air Barriers
loc_ev_02_info;Il s’agit d’un système inspiré des couvertures d’air décrites dans Hollywood on the Moon, de l’univers de Henry Kuttner. Ces couvertures avaient été imaginées pour protéger les voyageurs interplanétaires des radiations spatiales, mais sa version interdimensionnelle a été modifiée pour augmenter encore plus la densité de l’air et entraver les mouvements des joueurs adverses.
loc_ev_02_descr;Écrans d’air de densité très élevée empêchant l’équipe adverse d’atteindre votre cage. « Si tes adversaires cherchent à arriver à ta cage, il va falloir qu’ils aillent prendre l’air. » Summerstride
loc_ev_03_name;Suspended Animation System
loc_ev_03_info;Ce dispositif provenant de l’univers d’Edward Page Mitchell et décrit dans The Senator’s Daughter consiste à se soumettre à une hibernation volontaire pour que le temps passe, à différentes fins : voyages dans l’espace, surmonter des traumas, etc. Les ingénieurs du Premiumvers Original ont inversé ses sorties afin que le dispositif continue à provoquer une hibernation, mais cette fois, involontaire.
loc_ev_03_descr;Cocktail pharmacologique qui ralentit le métabolisme de vos adversaires, réduisant leur vitesse de 10 % à chaque dose. « J’ai vu des escargots plus rapides, et aucun n’a réussi à m’enlever la balle. » Ahreaks
loc_ev_04_name;Telepomp
loc_ev_04_info;Une autre création originaire de l’univers d’Edward Page Mitchell, décrite dans son roman The Man Without a Body. Idéale pour télétransporter tous types de matières à différentes fins, elle a été adaptée pour rendre les mouvements des joueurs plus agiles.
loc_ev_04_descr;Télétransporteur de matière parfait pour envoyer vos adversaires à l’autre bout du terrain. « Quand j’utilise ce dispositif, je leur dis toujours : ne va pas trop loin, on n’a pas encore fini de jouer. » Scimpheak
loc_ev_05_name;Big Push (linnear accelerator)
loc_ev_05_info;L’ingénierie aérospatiale interdimensionnelle a été maintes fois favorisée par l’espionnage industriel exercé par Industries Third Kind. Comme c’est le cas pour cet accélérateur de vaisseaux interstellaires, inspiré par l’univers de Larry Niven et décrit dans Limits. Après une utilisation prolongée dans le secteur du transport galactique, des microdispositifs pouvant être utilisés par un joueur d’Aces of Multiverse ont été construits.
loc_ev_05_descr;Accélérateur linéaire de matière qui renversera le premier adversaire que vous allez heurter en ligne droite, appliquant une FORCE +10. « Tout le monde a besoin d’une petite chiquenaude. Surtout si, grâce à cette chiquenaude, on envoie valser un adversaire. » Ironthorn
loc_ev_06_name;Disruptor Bomb
loc_ev_06_info;Le mécanisme original qui a inspiré ce dispositif provient du roman L’Homme dans le labyrinthe, de l’univers de Robert Silververg, où il provoque des effets beaucoup plus drastiques, allant jusqu’à la désintégration moléculaire de la matière. Les ingénieurs ont réussi à modérer son intensité pour le convertir en une arme d’étourdissement.
loc_ev_06_descr;Génère une onde étourdissante qui réduit de façon conséquente l’agilité et l’habileté des deux équipes. HABILETÉ -5 AGILITÉ -5 « On en viendrait presque à penser qu’on est de nouveau en train de jouer dans la cour d’école... Mais contre des ours de trois mètres de haut et des mutants radioactifs. » Amelia Messalina Brogley.
loc_ev_07_name;Beta Beam Satellite
loc_ev_07_info;Bien que les ingénieurs de Third Kind soient beaucoup plus doués pour convertir des dispositifs d’ingénierie civile en mécanismes destructifs, ils réussissent parfois à faire l’inverse. Tel est le cas de ce satellite qui, dans l’univers de Larry Niven, s’utilise dans le domaine militaire, comme expliqué dans Limits. Cependant, son adaptation au terrain de jeu n’est pas pensée pour provoquer une destruction massive. Du moins, pour le moment.
loc_ev_07_descr;Votre vaisseau spatial met en orbite un satellite armé d’un canon laser avec lequel vous pouvez griller le camp adverse. « C’est comme si le dieu du tonnerre avait décidé de prendre ton parti et de pulvériser tes adversaires grâce à ses éclairs. » Ruslan Antonov
loc_ev_08_name;Catchpocket
loc_ev_08_info;L’univers de Frank Herbert est riche en grands déserts qui favorisent l’ingéniosité de ses habitants. Tout comme décrit dans Dune, ce dispositif intégré à la combinaison sert à conserver ce qu’il y a de plus précieux : l’eau. Les ingénieurs du Premiumvers Original ont su l’utiliser pour faire de même, sauf que dans ce cas, l’élément le plus précieux absorbé est le dernier équipement utilisé par l’un des joueurs.
loc_ev_08_descr;Enregistre l’activité quantique récente pour que vous puissiez faire une réplique du dernier équipement expérimental utilisé par un autre joueur. « Comme disait ma mère, ne jette jamais rien à moins d’être sûr de ne plus en avoir besoin. » Nacc’thal
loc_ev_09_name;Nullfield
loc_ev_09_info;Provenant également de l’univers de John Varley, tout comme sa petite sœur, la combinaison d’annulation, ce puissant champ décrit dans Le Canal Ophite est une incroyable rareté : en effet, il est très difficile de synchroniser tous ses générateurs et d’obtenir la fréquence quantique nécessaire pour annuler les équipements des adversaires.
loc_ev_09_descr;Annule les équipements expérimentaux du joueur adverse pendant toute la durée du match. « C’est comme renvoyer tes adversaires au temps des hommes des cavernes et être soi-même un tigre mécanique à dents de sabre. » Downjumper
loc_story_intro_00;"Quel immense multilieux est le multivers ! Sur notre Terre, nous ignorons encore à quel point les multigraisses saturées sont savoureuses et à quel point les fauteuils des réalités parallèles sont confortables."
loc_story_intro_01;Nous ignorons également le grand problème de santé dont souffrent ses habitants, en raison de leur mauvaise alimentation et de leur style de vie sédentaire : obésité, diabète, syndrome de Schmidmaartprrrinfir’ar’ar.
loc_story_intro_02;Heureusement, ils se sont rendu compte du problème, et ont même déclaré une crise sanitaire multiverselle.
loc_story_intro_03;"Il y a quelques années quantiques, les vaisseaux transdimensionnels envoyés par les Industries Third Kind ont repéré une planète insignifiante où les habitants semblaient connaître un remède à ces maux. Cette planète était la Terre. Et le remède, le sport."
loc_story_intro_04;"And so the Aces of Multiverse was born. Such was its popularity that it became a platform for the strangest causes of C’est ainsi qu’est né Aces of Multiverse. Le sport s’est ensuite popularisé et est devenu un véritable porte-voix des causes les plus rares de tous les univers possibles. Depuis les planètes informes Protozoïques de la dimension 340, jusqu’à la Lune-Siège hyperindustrialisée des Industries Third Kind dans le Premiumvers, chacun de ces mondes alternatifs participe à la compétition, aussi bien pour réclamer des droits que pour défendre des intérêts pervers... tout en gardant la forme."
loc_story_intro_05;Voici l’histoire des trois premières équipes qui se sont unies à la compétition.
loc_story_chapter0_00;La planète Plantigrade est sur le point d’être détruite complètement à cause de l’exploitation de ses ressources naturelles!
loc_story_chapter0_01;L’équipe des Sputnik Bears a été la première à se rendre compte que le sport, en plus d’être bon pour leur santé, sert également à défendre ses nobles intérêts. Ils luttent pour faire entendre la voix de leur terre natale dans tout le multivers. Mais ce n’est pas aussi simple.
loc_story_chapter0_02;"Les Radiostar Freaks, une dangereuse équipe de mutants radioactifs, ne va pas leur faciliter la tâche. Les deux équipes ont participé à des affrontements historiques en raison de leur immense rivalité. Tout a commencé lorsque les mutants ont été accusés de polluer les beaux paysages de Plantigrade avec des isotopes radioactifs cachés dans des ballons réglementaires. Dans l’affrontement suivant, les Sputnik Bears ont transformé le vestiaire de l’équipe adverse en latrines pour ours. Les sponsors des Radiostar Freaks ont répondu à cet affront en plaçant dans l’orbite de Plantigrade un fast-food dont les recettes sont élaborées à base d’uranium enrichi. Lors du dernier match, les Radiostar Freaks ont gagné à la dernière seconde, après avoir arraché le ballon à David Guralev, qui souffre aujourd’hui de séquelles permanentes."
loc_story_chapter0_03;Aujourd’hui, le ballon et dans le camp des Sputnik Bears. Obtiendront-ils leur vengeance?
loc_story_chapter1_00;Le vaccin contre le virus mutagène du rhume radioactif existe, mais les corporations multiverselles bloquent son brevet!
loc_story_chapter1_01;"Les Radiostar Freaks jouent un rôle de premier plan dans la lutte contre cette injustice. Les Electro Killers, la puissante équipe de robots libérés, sera le prochain obstacle à surmonter."
loc_story_chapter1_02;L’histoire des affrontements des deux équipes est parsemée de métal rongé par des substances toxiques et d’appendices indescriptibles coupés par des tenailles mécaniques... sans compter d’innombrables insultes.
loc_story_chapter1_03;Dans leur premier affrontement, les robots n’ont pas voulu reconnaître les mutants comme étant des « personnes », de sorte que les mutants ont décidé de traiter les robots comme des grille-pain. Lors d’un tournoi ultérieur, les mutants se sont mis en tête de se gratter les appendices tandis que les Electro Killers exécutaient « La danse du robot », une danse mécanique sacrée.
loc_story_chapter1_04;"Au cours de leur dernier match, les Electro Killers menaient par trois buts, victoire qu’ils ont célébrée avec des roulements de tambour de rires enregistrés. Les Radiostar Freaks arriveront-ils à leur rendre la pareille?"
loc_story_chapter2_00;Les robots viennent tout juste de gagner des droits, mais ils vont devoir encore se battre pour les consolider !
loc_story_chapter2_01;"L’équipe des Electro Killers défendra sa cause sur le terrain. Vaincre les Sputnik Bears, l’équipe arrogante d’ours, sera un véritable défi."
loc_story_chapter2_02;Les ursidés de Plantigrade accusent la technologie autonome d’être responsable de la majeure partie des malheurs dont leur planète est victime, et ils n’hésitent pas à démontrer que l’esprit est plus fort que le microprocesseur. Dans l’un de leurs derniers matchs, ils ont fabriqué des cure-dents en étain avec les restes d’un robot déconnecté, pour faire enrager les Electro Killers. Ces derniers se sont vengés lors du match suivant en organisant un spectacle d’ours à bicyclette digne d’un cirque pendant la pause.
loc_story_chapter2_03;"Lors de leur dernier affrontement, les ursidés ont obtenu la victoire avec un but en plus, et ont déclaré que celui qui n’a pas de chair n’a pas d’honneur. Les Electro Killers seront-ils capables de prouver qui a de l’honneur et qui a de la chair ?"
loc_story_chapter3_00;Les Sputnik Bears luttent pour préserver leur environnement et leur mode de vie millénaire de l’exploitation des Industries Third Kind.
loc_story_chapter3_01;Pour les Riot Angels, l’équipe multidimensionnelle qui se consacre à la lutte pour l’émancipation féminine, le « mode de vie millénaire » sent la naphtaline patriarcale à plein nez.
loc_story_chapter3_02;Les plantigradiens, nobles mais arrogants, refusent de prendre au sérieux les demandes de ces filles. Ils considèrent que ces demandes sont des problèmes de « pays développé ». Les Riot répondent qu’elles ne sont pas venues pour que les ours les prennent en pitié, mais pour les réduire en cendres. Moustakim Vitalievich a affirmé qu’Emily Emo Lee était trop mignonne pour jouer. La Riot Angel lui a répondu qu’il pouvait toujours parler, lui qui ressemblait à une peluche de bébé.
loc_story_chapter3_03;Lors du premier affrontement, les Riot Angels ont humilié les Sputnik Bears, trop confiants. Les ours ont trouvé tout type d’excuses : on avait peur de leur faire mal, elles ne peuvent pas prétendre à ce qu'on joue au même niveau qu’elles, alors qu’elles sont si petites et mignonnes... Lors du deuxième affrontement, ils sont entrés sur le terrain avec l'intention de gagner : ils ont sué sang et eau, et ont obtenu la victoire à un but près marqué par David Guralev.
loc_story_chapter3_04;Pour ce prochain match, quelle équipe montrera qu’elle est la plus coriace et la moins mignonne?
loc_story_chapter4_00;Ce n’est pas gentil de se moquer des moches. Ce n’est pas bien non plus de se moquer des filles. Quand des moches affrontent des filles, qui se moque de qui?
loc_story_chapter4_01;Les Radiostar Freaks hissent le drapeau de la lutte pour la dignité des mutants.
loc_story_chapter4_02;Les Riot Angels représentent l’émancipation féminine.
loc_story_chapter4_03;Étant donné la noblesse de ces deux causes, il est dommage que les équipes ne s’entendent pas. Lors d’un premier affrontement, Sedruol a tiré sur le masque d’Abitha Octavia Cob, le faisant claquer très fort sur son visage. Selon la mutante, elle voulait démontrer qu’elle n’était pas aussi belle qu’elle voulait le faire croire. Lors d'un affrontement suivant, Flower Smashing Power a éparpillé du pollen sur le terrain, irritant fortement le gigantesque globe oculaire de Sedruol.
loc_story_chapter4_04;Lors du dernier match, Scimpheak s’est introduite en cachette dans le vestiaire des Riot Angels et a échangé le livre Les Hauts de Hurlevent de Messalina Leonidas contre un journal de sport, ce qui lui a presque provoqué un ictus. Entre toutes ces rivalités individuelles, personne ne s’est inquiété de conjuguer leurs objectifs raisonnables... même pas pour se souvenir des résultats des matchs.
loc_story_chapter4_05;Quel sera le résultat d’aujourd'hui?
loc_story_end_00;Même si cette réalité quantique est minuscule, cette victoire la rend un peu plus belle.
loc_story_end_01; La ligue d’Aces of Multiverse dissimule beaucoup plus de secrets, de surprises et de victoires. Mais il lui manque une chose : plus d’Aces.
loc_team_oso00_00;L’équipe de la planète Plantigrade du Premiumvers Original est entièrement composée d’ursidés, des descendants de Masha et Misha, les premiers colons arrivés dans une ancienne capsule Soyuz. Ils jouent pour faire entendre la voix de leur planète qui est la cible des grandes corporations minières comme Third Kind. L’honneur, l’égalité et la nature sont leurs valeurs. La force et la griffe, littéralement, sont leurs armes.
loc_team_oso01_00;Dans l’univers D404, après des guerres contre la corporation Third Kind, la population de jeunes plantigradiens a grandement diminué. Pour compléter leur équipe d’ursidés, les Barely Bears ont intégré les valeurs de la défense de la nature et de l’honneur propres à leur planète dans le programme de deux robots.
loc_team_oso02_00;Ils jouent à Aces of Multiverse pour financer leurs expéditions « d’astronautique radicale ». Ces trois « cosmonautes extrêmes » ursidés, assistés par leurs deux robots, détiennent les records de distance parcourue en capsule analogique, de promenade spatiale en apnée et de voyage en hibernation prolongée. Il convient de souligner qu’ils ont atteint la première lune de la planète Plantigrade en retenant leur respiration dans un tonneau de hareng fumé.
loc_team_mutant00_00;Une équipe entièrement constituée de mutants pour défendre la cause mutante. Ils ont survécu au virus du rhume radioactif, qui s’est propagé après l’explosion de la supernova Kaar 23030 et qui transmet, en plus de la maladie, les caractéristiques génétiques d’un hôte à l’hôte suivant (d’où les mutations).  Ils jouent pour sensibiliser les autres à leurs problèmes, et surtout pour que le brevet du vaccin contre ledit virus, actuellement aux mains des Industries Third Kind, soit débloqué.
loc_team_mutant01_00;Déterminés à gagner le titre d’Aces of Multiverse à tout prix, ces mutants ont séquestré le fils de la star plantigradienne Aleksei Rollan, et menacent de le contaminer avec le rhume radioactif et de le transformer en mutant si son père ne joue pas avec eux. Aleksei n’a pas d’autre choix que de leur obéir, et donne tout ce qu’il a sur le terrain, car il ne saurait en faire autrement.
loc_team_mutant02_00;L’incorporation de Zapiram a permis de donner du pouvoir aux joueuses féminines de l’équipe mutante de l’univers D303. Dans cette réalité parallèle, l’Ace stratosphérique de la planète Protozoolia accepte uniquement de jouer si ses compagnes intègrent l’équipe titulaire initiale. « Et si ça ne vous plaît pas », dit-elle, « vous n’avez qu’à aller nager dans le protoplasme pour voir si j’y suis. »  Pour le moment, les résultats sont incontestables.
loc_team_robot00_00;Cette équipe du Premiumvers Original est composée dans son intégralité de robots qui revendiquent leurs droits récemment acquis. Cependant, bien qu’ils soient désormais reconnus comme des personnes, ils ne se comportent pas toujours comme tels. Si leur algorithme le justifie, ils n’hésiteront pas à arracher un bras à un ours... ou à activer la fonction de repose-pieds métallique pendant toute une semaine.
loc_team_robot01_00;L’existence de cette équipe de la Dimension confuse repose sur une erreur. Premièrement, le nom de l’équipe est une erreur : il ressemble au nom d’une marque de paquets de chips. Ensuite, les robots ont recruté par erreur deux joueurs, pensant qu’ils étaient des machines, alors qu’en réalité, il s’agit d’ursidés équipés de systèmes cybernétiques leur servant de soutien. Enfin, les ursidés ont accepté par erreur d’intégrer l’équipe, car ils pensaient qu’ils signaient le contrat de location d’un nouveau vaisseau interdimensionnel. Cependant, à l’heure de jouer, ils ne commettent pas d’erreurs : étant donné qu’ils ont créé cet étrange mélange de micropuces et de tissus organiques, ils font tout pour gagner.
loc_team_robot02_00;Depuis l’invention de l’intelligence artificielle, les humains poursuivent le rêve de pouvoir danser comme un robot. Jamais ils n’y sont arrivés. C’est pour cela que cette équipe robotique de l’univers Z404 a recours à cette amusante danse pour humilier ses adversaires vaincus... Vaincus, car avec le puissant Downjumper dans ses rangs, il est difficile qu’un affrontement se termine d’une quelconque autre façon.
loc_team_princess00_00;Elles sont été sélectionnées dans un but bien précis par la légendaire Samantha Quark, leader Quantic Fem, qui figure parmi les meilleures joueuses de toutes les réalités possibles. Ce but est de démontrer que jouer comme une fille, c’est jouer mieux que tout le monde. Les Riot Angels sont des joueuses au caractère explosif, habiles et puissantes. Fatiguées de devoir jouer un rôle secondaire dans chaque recoin du multivers, ces Quantic Fems radicales se sont mises d’accord pour exiger les mêmes droits et la même reconnaissance dont jouissent les joueurs masculins. Elles ont donc choisi le terrain de jeu le plus difficile pour se faire valoir : le terrain d’Aces of the Multiverse.
loc_team_princess01_00;Dans de nombreux univers parallèles, les Quantic Fems ne sont pas les seules à se battre pour une plus grande égalité dans l’équilibre des pouvoirs. Certaines se sont associées à des ursidés adeptes de la cause : d’un côté, Leonid Arkaimovich, qui a déjà fait preuve de son engagement envers la déconstruction des rôles de genre (et avec succès, après tout, il joue en portant son fils dans un sac à dos), et d’un autre, Kirill Georgiy, un jeune bien décidé à jouer pour un avenir plus juste.
loc_team_princess02_00;Des ingénieures du multivers engagées dans le mouvement Quantic Fem ont reprogrammé deux robots célèbres pour les rallier à leur cause. Désormais, ces deux joueurs mécaniques sentent jusque dans leurs écrous l’injustice d’avoir un toit de verre au-dessus de leur tête et le poids de la culture patriarcale sur leurs circuits. Heureusement, ils sont aussi capables de ressentir toute la sororité du mouvement Quantic Fems, et c’est pour cela qu’ils feront tout ce qui est en leur pouvoir pour accomplir leurs objectifs.
loc_match_stats_goal;Buts
loc_match_stats_possession;Possession
loc_match_stats_bestplayer;Meilleur joueur
loc_match_stats_dmg;Dégâts reçus
loc_menu_quickplay;Jeu rapide
loc_menu_storymode;Mode histoire
loc_menu_pairdevice;Synchroniser l'appareil
loc_menu_settings;Paramètres
loc_menu_editteam;Modifier l'équipe
loc_menu_chooseteam;Choisissez le blason et le nom de votre équipe !!
loc_menu_team;Équipe
loc_menu_teammanagement;Gestion d'équipe
loc_menu_locker;Vestiaire
loc_menu_statistics;Statistiques
loc_menu_strength;Force
loc_menu_dexterity;Dextérité
loc_menu_shotskill;Compétence au lancer
loc_menu_speed;Vitesse
loc_menu_stamina;Endurance
loc_menu_hitpoints;Points de vie
loc_menu_album;Album
loc_menu_filters;Filtres
loc_menu_aces;Aces
loc_menu_common;Commun
loc_menu_infrequent;Inhabituel
loc_menu_rare;Rare
loc_menu_ultrarare;Ultrarare
loc_menu_skip;Passer
loc_menu_get;Obtenir
loc_menu_xplorawatch;Montre Xplora
loc_menu_mobile;Appareil mobile
loc_menu_nodevice;Pas d'appareil
loc_menu_press;Appuyer
loc_menu_new;Nouveau !
loc_menu_completed;Terminé !
loc_menu_1v1;1 vs 1
loc_menu_1vAI;1 vs IA
loc_menu_league;Ligue
loc_menu_tournament;Tournoi
loc_menu_customize;Personnaliser
loc_menu_back;Retour
loc_menu_next;Suivant
loc_menu_select;Sélectionner
loc_menu_difficulty;Difficulté
loc_menu_selectdevice;Sélectionner l'appareil
loc_menu_playmatch;Jouer le match
loc_menu_choosecountry;Choisissez votre pays
loc_menu_carddescription;Description
loc_controller_aceskill;Compétence de l'Ace
loc_controller_castleft;Utiliser la carte de gauche
loc_controller_pause;Pause
loc_controller_castright;Utiliser la carte de droite
loc_controller_closestplayer;Contrôler le joueur le plus proche
loc_controller_dash;Course
loc_controller_sprint;Sprint
loc_controller_shoot;Tir
loc_controller_pass;Passe
loc_controller_moveteam;Déplacer toute l'équipe
loc_controller_controlplayer;Contrôler le joueur actif
loc_ecode_success;Utilisateur créé avec succès ! Entrez le code reçu dans votre appareil
loc_ecode_authfail;L'authentification a échoué
loc_ecode_unknownexception;Une erreur est survenue lors de la connexion au serveur...
loc_ecode_unreachable;Le serveur a l'air indisponible...
loc_ecode_generalerror;Une erreur est survenue lors de la connexion au serveur. Vérifiez l'application Xplora pour obtenir des informations supplémentaires.
loc_ecode_wrongparams;Erreur : paramètres erronés
loc_ecode_wrongformat;Erreur : format erroné
loc_ecode_wrongnumberformat;Le format du numéro de téléphone est erroné.
loc_ecode_phonenotfound;Impossible de trouver le téléphone
loc_ecode_nicknotfound;Utilisateur introuvable.
loc_ecode_wrongcode;Code invalide.
loc_ecode_nickponealreadyexists;Le surnom ou le téléphone existe déjà
loc_ecode_noscenario;Utilisateur non vérifié.
loc_ecode_wrongauth;Pas assez d'étapes... Continuez à vous entraîner !
loc_ecode_forbiddenaccess;Un problème est survenu lors de l'authentification.
loc_ecode_urlnotfound;Accès au serveur interdit.
loc_ecode_progerr;Adresse du serveur erronée.
loc_msg_stun;Étourdi !
loc_msg_hp;PV
loc_msg_miss;Raté !
loc_msg_ko;K.O. !
loc_msg_exhausted;Épuisé !
loc_msg_zombie;Zombie
loc_menu_acesDetails;Aces of Multiverse est le premier jeu vidéo qui vous récompense si vous faites du sport en l'associant au temps de jeu. Choisissez l'appareil avec lequel vous souhaitez vous entraîner et décrivez les étapes grâce à l'application Xplora. Tous les jours, lorsque vous commencez à jouer, de nouvelles cartes pourraient s'ajouter à votre collection en fonction du temps passé à vous entraîner. Jouez, courez, amusez-vous et gagnez des cartes. Il existe plus d'une centaine de cartes, et certaines sont très difficiles à obtenir...
loc_eula;"Tout contenu acheté dans la boutique d'un jeu est acheté à PlayStation Network Europe Limited (PSNE"") et est soumis aux Conditions d'utilisation et Accord utilisateur de PSNE disponibles sur PlayStation®Store. Vérifiez les droits d’utilisation lors de chaque achat car ceux-ci peuvent varier d’un article à l’autre. Sauf indication contraire, la classification du contenu disponible dans la boutique d'un jeu est identique à celle du jeu lui-même."
loc_menu_charBiography;Biographie du personnage
loc_msg_directPass;Pass direct!
loc_msg_freeBall;Balle libre!
loc_msg_slow;Lent!
loc_menu_equipment;Équipement
loc_menu_events;Événements
loc_race_robots;Robots
loc_race_mutants;Mutants
loc_race_humanoids;Humanoïde
loc_race_aliens;Aliens
loc_race_princesses;Princesses
loc_loading;Chargement...
loc_menu_master;Master
loc_menu_soundEffects;SFX
loc_menu_music;Musique
loc_menu_exit;Sortie
loc_menu_continue;Reprendre
loc_menu_pause;Pause
loc_menu_cleared;Terminé!
loc_menu_cardsUnlocked;Nouvelle carte débloquée!
loc_menu_teamUnlocked;Nouvelle équipe débloquée!
loc_menu_connecting;Connexion...
loc_menu_close;Fermer
loc_menu_newName;Nouveau nom
loc_menu_none;Aucun
loc_tutorial_Conectivity_00_00;Eh, toi, jeune tas de particules quantiques. Tu fais du sport dans ta propre dimension?
loc_tutorial_Conectivity_01_00;Obtiens ton Xplora, le dispositif révolutionnaire qui t’aidera à entrelacer quantiquement ta vie quotidienne anodine avec de multiples réalités alternatives où la vie existe.
loc_tutorial_Conectivity_01_01;Dès que tu porteras ton dispositif Xplora au poignet, une connexion se réalisera au niveau interdimensionnel. Ton exercice physique est très précieux dans d’autres réalités alternatives.
loc_tutorial_Conectivity_01_02;Xplora compte ton nombre de pas et les transfère à travers le multivers, les transformant en joueurs et accessoires pour compléter tes équipes.
loc_tutorial_Conectivity_01_03;Entre dans le menu de synchronisation. Sélectionne le dispositif qui relèvera ton nombre de pas. Et c’est tout!
loc_tutorial_Conectivity_02_00;Si ton dispositif est une montre Xplora, tu gagneras automatiquement un Ace, l’une des cartes les plus précieuses du jeu.
loc_tutorial_Conectivity_02_01;Chaque jour, Aces of the Multiverse t’offrira de nouvelles cartes. Plus tu feras de pas et plus tu joueras, plus elles seront précieuses.
loc_tutorial_Conectivity_03_00;Alors, qu'est-ce que tu attends ? Si jouer dans un univers ne te semble pas assez amusant, connecte ton Xplora. Bouge. Fais du sport. Joue. Collectionne toutes les cartes.
loc_tutorial_Conectivity_03_01;Et deviens un ACE OF THE MULTIVERSE!!!
loc_tutorial_Story_00_00;Aces of the Multiverse est beaucoup plus qu’un simple jeu de football interdimensionnel bizarre. Si vous voulez jouer, mieux vaut que vous le fassiez correctement.
loc_tutorial_Story_00_01;Si c'est votre première fois, vous devez débloquer les équipes en jouant le Mode histoire. Les événements les plus récents du multivers vous ioniseront. En outre, vous obtiendrez des cartes pour construire vos propres équipes.
loc_tutorial_Story_00_02;À chaque victoire, vous gagnerez de nouvelles cartes. Cependant, elles ne seront pas aussi puissantes que celles que vous obtiendrez en faisant de l'exercice physique que vous enregistrerez avec votre dispositif interdimensionnel Xplora.
loc_tutorial_Story_01_00;Sur le terrain de jeu, choisissez le joueur le plus proche de celui qui a la balle.
loc_tutorial_Story_02_00;Courez.
loc_tutorial_Story_03_00;Poussez votre adversaire pour lui voler le ballon.
loc_tutorial_Story_04_00;Faites une passe.
loc_tutorial_Story_05_00;Marquez un but.
loc_tutorial_Story_05_01;Mais vous découvrirez aussi des objets que vous n’aurez probablement jamais vus. L’équipement spécial peut vous donner des avantages surprenants, mais attention, il n'est pas éternel.
loc_tutorial_Story_06_00;Les Aces sont des joueurs d'élite. Chacun a sa propre capacité spéciale qui vous permettra de changer la donne.
loc_tutorial_Story_06_01;Toutes les équipes sont différentes. C’est aussi le cas de chaque camp. Tout influence le jeu. Mais votre esprit et vos réflexes sont ceux qui manient les ficelles d’une dimension parallèle.
loc_tutorial_Story_06_02;Devenez un ACE DU MULTIVERS dès maintenant!
loc_tutorial_Team_00_00;Vous avez une bonne mémoire ? Souvenez-vous que dans Aces of the Multiverse, chaque victoire, et surtout l'exercice physique que vous pratiquez, vous donnera accès à de nouvelles cartes de joueurs et de l’équipement.
loc_tutorial_Team_00_01;Collectionnez ces cartes dans votre album personnel. Pour obtenir les cartes les plus précieuses, vous allez devoir suer.
loc_tutorial_Team_01_00;Dans la section Gestion de l’équipe, vous pouvez gérer les cartes de votre album. Créez vos propres équipes avec la combinaison de joueurs de votre choix.
loc_tutorial_Team_01_01;Chaque personnage dispose de ses propres statistiques et façons de jouer, en fonction de quatre capacités fondamentales : la force, la précision, l’habileté et la vitesse.
loc_tutorial_Team_01_02;Vous trouverez aussi une position recommandée : défense, avant, centre. Ainsi, vous pourrez équilibrer plus facilement vos équipes.
loc_tutorial_Team_02_00;Les cartes d’équipement améliorent les capacités de vos joueurs et celles d’équipement spécial vous donnent la possibilité de faire des choses encore jamais vues pendant une partie.
loc_tutorial_Team_02_01;Bougez et faites du sport pour obtenir les meilleures cartes. Choisissez cinq titulaires, deux soutiens, équipez-les avec la technologie la plus moderne qui soit, et transformez votre équipe en une LÉGENDE DANS TOUT LE MULTIVERS.
loc_tutorial_match;Avant le match
loc_tutorial_xplora;Connectez votre appareil Xplora
loc_menu_audio;L'audio
loc_menu_controls;Les contrôles
loc_menu_tutorial;Didacticiel
loc_menu_language;La langue
loc_menu_credits;Crédits
loc_menu_previous;Précédent