loc_char_oso_00_bio;La prudencia, la sabiduría y la comunión con el entorno han dotado a este carismático oso de un iningualable saber estar en el campo. Antes de cada partido dedica una hora a la meditación trascendental. Pero tras el saque inicial, se acabó la paz: el oso saca sus garras, sabiendo que la vida es efímera... sobre todo la de sus rivales. No todos los Moustakim Vitalievich del Multiverso son capaces de controlar su ira, su cordura y su nobleza tal y como hace el que habita el Premiumverso Original. Éste siempre será jugador titular de los honorables Sputnik Bears de Plantigrado. Sin embargo, en el universo B022, en lugar de trabajar por la libertad de su planeta, prefiere defender los colores del equipo feudalista Los Zares de Plantigrado (Plantigrado Tzars). Por su parte, el Moustakim del universo R02 devoró a un mutante en un lance de juego y ahora tiene ardor de estómago crónico.
loc_char_oso_00_descr;«Nunca pierdo la paciencia, pero a veces la paciencia me pierde a mí»
loc_char_oso_01_bio;“Ha hecho la promesa de portar una máscara hasta que su planeta Plantigrado esté libre de amenazas extranjeras. Estaría dispuesto a dejarse la vida en el terreno de juego por el honor de su equipo y los derechos de sus compatriotas. En los infinitos Multiversos, los Aleksei Rollan alternativos mantienen la constante de la ferocidad y la dureza. En el Premiumverso Original es fiel a los Sputnik Bears de Plantigrado, pero en otras realidades paralelas su trayectoria profesional ha sido más variable. Por ejemplo, en el universo C130 juega en el equipo homenaje a Yuri Gagarin, mientras que en el B029 vende perritos calientes en el estadio Third Kind y en lugar de máscara lleva un sombrero mexicano. Especialmente trágica es la historia del Aleksei Rollan del universo A002, donde su hijo ha sido secuestrado para obligarle a jugar para el equipo mutante Cesius Mayhem.”
loc_char_oso_01_descr;«Si te enseño mi cara, será lo último que veas»
loc_char_oso_02_bio;“Se convirtió en un héroe de la lucha por la libertad de su planeta, hostigando al enemigo desde los bosques, golpeando y replegándose rápido. Ahora ha trasladado todo ese talento al deporte, con intención de lograr más visibilidad para la causa de Plantigrado. En la mayoría de las realidades paralelas exploradas sigue siendo un guerrillero experto en explosivos, oculto entre el follaje plantigradense. Sólo en un puñado de universos se dedica a jugar al Aces of Multiverse. En el Premiumverso Original sirve en las filas de los Sputnik Bears de Plantígrado, cómo no. Sin embargo, por ejemplo, en el universo Z003 forma parte de un equipo de egogirls que lo han adoptado como mascota… y ni siquiera se queja, porque le dan muchas tostadas con miel. ”
loc_char_oso_02_descr;«Donde vengo, meter la zarpa significa destruir al enemigo».
loc_char_oso_03_bio;“Entre los úrsidos de Plantigrado no hay ningún taboo respecto a la edad. Su rápida maduración cerebral les convierte en excelentes luchadores o jugadores de Aces of Multiverse desde su tierna niñez. Es el caso de Kirill que, con sólo 10 años, ya despunta en las ligas profesionales de este deporte, y defiende con pasión los colores de su planeta. Todas las versiones cuánticas de este pequeñín que pueblan el multiverso tienen algo en común: el talento para jugar al Aces of Multiverse. Aunque en algunas realidades paralelas utilice ese talento de una forma y en otras lo utilice de otra. En el Premiumverso Original no ha abandonado nunca las filas del equipo de su planeta natal, los Sputnik Bears de Plantigrado. En el universo U03 (conocido como Universo Universitario) se ha unido a un equipo de jóvenes con el fin de ahorrar para sus años sabáticos, los Galactic Hitchhikers. En el universo F404 (el Universo Fashion) también tiene talento, pero no juega porque el sudor le apelmaza el pelaje.”
loc_char_oso_03_descr;«Para mí esto es un juego de niños».
loc_char_oso_04_bio;“En una apuesta por un planeta más justo, Leonid Arkaimovich es un plantigradense empeñado en revisar sus privilegios y cambiar los roles masculinos. Por eso ha recurrido a tecnología CiberMarsupial para hacerse cargo de su hijo 24 horas al día, incluso en el terreno de juego. En el Premiumverso Original es Leonid quien carga con su hijo, mientras defiende los colores de los Sputnik Bears de Plantigrado, pero no en pocas realidades paralelas es el niño quien carga con Leonid. En el Universo T100 han sido fichados por un equipo de robots que los han tomado por una especie de criatura biológica dos en uno. En el E203, en lugar de recorrer estadios, recorren castings para spots publicitarios donde Leonid intenta que su hijo se convierta en el nuevo rostro de la próxima marca de moda de ropa infantil. ”
loc_char_oso_04_descr;«Quien juega para sí mismo, solo juega. Quien juega por el futuro de sus hijos, guerrea»
loc_char_oso_05_bio;“La tecnología hallada en los archivos del Sputnik 2.2 da mucho de sí en combinación con los cerebros hiperdesarrolados de los úrsidos de Plantigrado. Creaciones como los ciberzancos de David Guralev han sido posibles gracias a la sabiduría de los osos. Con ellos, Guralev ha superado la parálisis permanente que sufrió en un encuentro contra los Radiostar Freaks. Ha conseguido regresar al equipo en plena forma. En el Premiumverso Original, David Guralev juega para los Sputnik Bears con una mecanoprótesis, porque un golpe propinado en un partido contra los Radiostar Freaks le dejó paralítico. En otros multiversos, son los Radiostar Freaks, al completo, los que tienen que llevar mecanoprótesis por culpa de David Guralev. En el universo J584, Guralev se siente más robot que humanoide, por lo que juega en un equipo de robots. ”
loc_char_oso_05_descr;«Mis piernas están llenas de tungsteno, mi corazón está lleno de victorias».
loc_char_oso_06_bio;“Su familia no desciende de los osos del primer Sputnik que llegó a Plantigrado, sino que emigró allí siendo simples osos hormigueros, que evolucionaron tan rápidamente como los herederos de Misha y Masha. De ahí su nombre extranjero y su raza exótica, pero se siente Plantigradense de corazón, allí se encuentran su familia, sus amigos, y las mejores hormigas de la galaxia. Lo dará todo por la gloria de su planeta. No todas las realidades paralelas han sido tan justas con Pavel como la del Premiumverso Original. En otros universos no ha sido aceptado por Sputnik Bears, dada su condición de oso hormiguero. Por ello es fácil ver versiones alternativas suyas integradas en equipos de robots o humanoides. En el universo H404 ha fundado la empresa de control de plagas Formiclón, especializada en exterminar hormigueros, cuyo eslogan es: Con Formiclón, la hormiga al hoyo y el oso al bollo.”
loc_char_oso_06_descr;«Pisotearé a mis enemigos como hormigas y los devoraré... como... como hormigas».
loc_char_oso_07_bio;“De pronto, el poderoso Moustakim Vitalievich ha evolucionado y ahora es más rápido que nunca. Sin duda, este progreso es fruto del entrelazamiento cuántico de sus moléculas con las de un usuario de un dispositivo Xplora. Este Moustakim Vitalievich Evolucionado no es fácil de ver en ningún campo de ninguno de los universos. Su mejora de rendimiento viene transmitida a través de un portal multidimensional, provocado por la interacción de un dispositivo Xplora. Cuando un usuario Xplora practica deporte en su propio mundo, todo el rendimiento viaja a través del multiverso para beneficiar a un jugador de Aces of Multiverse, aleatorio. En este caso, le ha tocado a Moustakim Vitalievich Evo, y el público podrá verlo volar por el terreno de juego.”
loc_char_oso_07_descr;«Ser más rápido me ayuda a contener la impaciencia, pues ahora llego antes a todas partes»
loc_char_oso_08_bio;“El entrelazamiento cuántico entre universos paralelos ha emparejado las células de Aleksei con las del usuario de un dispositivo interdimensional Xplora. Como consecuencia del ejercicio practicado por éste misterioso usuario en su propio universo, esta versión de Aleksei ha experimentado un aumento en su destreza. Este Aleksei Rollan alternativo, que mantiene toda su fuerza pero mejora su destreza, es inusual en las distintas realidades cuánticas. Un dispositivo interdimensional Xplora puede transmitir el rendimiento de su usuario a cualquier jugador de Aces of Multiverse aleatoriamente, por eso la probabilidad de encontrar otros Aleksei Rollan Evolucionados jugando para equipos de otras dimensiones es infrecuente… pero no imposible. ”
loc_char_oso_08_descr;«Bajo esta máscara noto que mi cerebro coordina todos mis movimientos de un modo que nunca había sentido».
loc_char_oso_09_bio;“El incremento de la masa muscular necesaria para hacer más rápido al Yaroslav Ilych original se ha transmitido a través del multiverso, gracias al entrelazamiento cuántico con las moléculas de un usuario de Xplora. Este es Yaroslav Ilych Evo: igual de bestia, pero más veloz. La probabilidad cuántica le ha sido favorable a Yaroslav Ilych Evo, pero no es algo que suceda todos los días. Verle jugar en cualquier universo es infrecuente. Para que eso ocurra, el usuario de un dispostivo interdimensional Xplora debe practicar el deporte necesario para mejorar el rendimiento, y que este se transmita a través del multiverso, hasta favorecer a cualquier jugador de Aces of Multiverse.”
loc_char_oso_09_descr;«Ahora puedo provocar el caos a mayor velocidad»
loc_char_oso_10_bio;“Cuesta creer que un cuerpecito tan pequeño como de Kirill Georgiy haya sido capaz de acumular tanto poder en un instante. Todo se debe, por supuesto, a un afortunado entrelazamiento cuántico entre sus moléculas y las de un misterioso usuario de un dispositivo Xplora interdimensional. Como este último se ha tomado el entrenamiento muy en serio, todo su rendimiento ha hecho mejorar la fuerza, la destreza y la velocidad del pequeño Kirill. Kirill Georgiy Evo es una rareza cuántica y es infrecuente encontrarlo en cualquier multiverso. Para que esa transmisión de rendimiento tenga lugar, el propietario de un dispositivo interdimensional Xplora debe tomarse muy a pecho el ejercicio. Luego, todo ese fortalecimiento viaja en el multiverso para favorecer a un jugador, al azar. En este caso ha sido Kirill, que evoluciona, y todos sus fans lo celebran.”
loc_char_oso_10_descr;«Es como si me hubiera hecho mayor de repente».
loc_char_oso_11_bio;“Un usuario de un dispositivo interdimensional Xplora ha estado entrenando en su propio universo, lo que provocado, por obra del entrelazamiento cuántico, que las células neuronales de Leonid se potencien, ganando en destreza. El Leonid Arkaimovich original es una bestia de potencia indiscutible, pero esta versión evolucionada gana además en agilidad y destreza. Esto es posible gracias a la transmisión de potencial que se produce cuando un usuario de un dispositivo interdimensional Xplora practica ejercicio en su propio mundo: su rendimiento se transmite a través de los distintos universos paralelos y acaba por beneficiar a un jugador de Aces of Multiverse, aleatoriamente. Por desgracia, estas versiones de Leonid Arkaimovich Evolucionado no son frecuentes.”
loc_char_oso_11_descr;«Nos sentimos ágiles. Nos sentimos rápidos. Nos sentimos bien».
loc_char_oso_12_bio;“El usuario del dispositivo interdimensional Xplora que ha transmitido los efectos de su entrenamiento a este David Guralev Evolucionado ha hecho un gran trabajo. Esta versión no sólo mejora en fuerza, sino también en destreza y velocidad. Un David Guralev tan Evolucionado como este es infrecuente en el multiverso. Las probabilidades de que todo ese progreso de rendimiento se transmitiera desde un usuario Xplora hasta él eran bajísimas. Ahora que se ha dado esa extraña circunstancia, el público tiene la oportunidad de disfrutar de una versión de David Guralev más poderosa que nunca. ”
loc_char_oso_12_descr;«Me siento capaz de alcanzar una luna plantigradense y atravesarla de polo a polo… por dentro»
loc_char_oso_13_bio;“El entrelazamiento cuántico ha emparejado las células de Pavel con las de un usuario Xplora que ha estado tomándose el entrenamiento muy en serio. Como consecuencia de su ejercicio, Pavel ha experimentado un notable incremento en muchas de sus características: fuerza, destreza y velocidad. Así ha nacido Pavel Kirillovich Evo, así ha nacido un jugador desbordante. Un Pavel Kirillovich Evolucionado a semejante nivel de rendimiento es algo muy difícil de ver en cualquier punto del multiverso. El propietario del dispositivo interdimensional Xplora, a través del cual ha recibido tanto poder, ha hecho, sin duda, un gran trabajo. Un ejercicio físico de nivel, que ahora nos da la oportunidad de disfrutar de un jugador excepcional.”
loc_char_oso_13_descr;«No me había sentido tan bien desde que se me durmió la pierna y creí que la tenía llena de hormigas».
loc_char_oso_14_bio;“Un usuario de un dispositivo interdimensional Xplora ha realizado el pequeño milagro de mejorar lo inmejorable. Gracias al ejercicio físico, cuyo efecto se ha transmitido a través del multiverso, ha logrado de Ruslan Antonov evolucione, alcanzando un rendimiento asombroso. Ahora es uno de los jugadores más rápidos jamás visto, y mucho más diestro que el Ruslan original. Es más improbable encontrarse esta versión de Ruslan Antonov que un camello azul paseando por el cinturón de Kuipper. La intensidad del ejercicio que ha tenido que practicar el usuario Xplora benefactor ha debido de ser enorme. Ahora todo el multiverso le debe un agradecimiento: podremos disfrutar de un jugador casi tan rápido como la luz.”
loc_char_oso_14_descr;«Mi nueva velocidad puede sacarme de la órbita de Plantigrado… y de mi propio universo».
loc_char_oso_15_bio;“En algún lugar del universo, el propietario de un dispositivo interdimensional Xplora se lo ha currado a saco. Es tal el incremento de poder que ha transmitido a través del multiverso que ha generado un Aleksei Rollan Ultraevolucionado, capaz de alcanzar unas velocidades nunca vistas. Un Aleksei Rollan Ultra Evo es un Aleksei Rollan rápido como un diablo, pero, al mismo tiempo, muy inusual en los campos de juego de todo el multiverso. Esa gigantesca transmisión de rendimiento, a través del multiverso, es muy difícil que se produzca. Pero un usuario Xplora lo ha logrado, gracias a un ejercicio físico eficaz, y hay que celebrarlo: ahora los espectadores podemos disfrutar de un jugador de una calidad estratosférica.”
loc_char_oso_15_descr;«Si pudierais quitarme la máscara, contemplaríais el rostro de un jugador super poderoso».
loc_char_oso_16_bio;“Nacido en los laboratorios de Plantigrado, Ruslan es un clon perfeccionado a partir de material génetico de la gran leyenda que todos los úrsidos plantigradeses veneran: Yuri Gagarin. Una uña del pie del primer cosmonauta apareció en el Sputnik 2.2, la nave que colonizó Plantigrado. Los científicos incubaron sus células y las dotaron de un talento sobrenatural para jugar al Aces of Multiverse. Un descendiente de Yuri Gagarin no puede jugar en otro equipo que no sea el de los Sputnik Bears… Pero esa norma sólo se impone en el Premiumverso Original. En el universo F333 se integra en un equipo que rinde homenaje a la figura de quien se extrajo su ADN, los Gagar Insanes. En el universo G333, Estados unidos se adelantó a la URSS a la hora de poner un astronauta en órbita, así que allí Ruslan se llama Tommy McCoy.”
loc_char_oso_16_descr;«¡Os pienso mandar a hacer gagarins!»
loc_char_mutant_00_bio;“Se comió unos huevos escalfados infectados con moquillo radiactivo y su ADN le convirtió en cacatúa humanoide. A la hora de provocar al rival tiene un piquito de oro y le gusta pensar que, con él, la victoria del equipo está a huevo. Este híbrido de cacatúa y humanoide forma parte del equipo Radiostar Freaks en el Premiumverso Original, donde luce sus victorias hinchado como un pavo. Pero en otras realidades paralelas corre suertes paralelas. En el universo G595, sus aspecto entrañable le ha granjeado un puesto en los Toxic Cuties, el equipo de los mutantes abrazables. Como contrapunto trágico, en el universo N2512, una realidad paralela en la que siempre es Navidad, no sabe nada de él desde la última cena de Nochebuena. ”
loc_char_mutant_00_descr;«Después del huevo viene la gallina. Y después de la gallina, la victoria».
loc_char_mutant_01_bio;“Convertido en hormiga humanoide por el moquillo radiactivo, Ahreaks trabaja el medio campo con mentalidad obrera y piensa en el colectivo como si el equipo fuera su propio hormiguero. En la gran mayoría de las realidades paralelas, Ahreaks se ha quedado encerrada en un azucarero gigante. Sin embargo, en el Premiumverso Original ha puesto sus potentes mandíbulas al servicio de los Radiostar Freaks. En el universo D303 es jugadora titular de las Bizarre Sisters. Y en el V384 forma un dúo cómico junto a Pavel Kirillovich, con gran éxito de crítica y público.”
loc_char_mutant_01_descr;«El individuo no es importante. Sólo importan el equipo o el hormiguero»
loc_char_mutant_02_bio;“El Moquillo Radiactivo modificó su ADN con genes de murciélago, orangután y periquito. Su aspecto es bonachón y tierno, pero es sólo su aspecto. En realidad es irascible y no conviene cabrearlo. El talento de este gigantón peludo hace que sea habitual encontrarlo en los equipos de muchas realidades paralelas. En el Premiumverso Original juega en los Radiostar Freaks. En el G595 no puede faltar en los Toxic Cuties, por su aspecto de encantador peluche. En el K855, por el contrario, es un virtuoso del acordeón caníbal.”
loc_char_mutant_02_descr;«Todo el mundo quiere abrazarme, hasta que notan que les estoy rompiendo los huesos».
loc_char_mutant_03_bio;“Era un bebé cuando contrajo el Moquillo Radiactivo, que afectó a su ADN y le convirtió en una criatura radiactiva y mortal, con un cerebro superdesarrollado encerrado en el cuerpo de un mutante lactante. Este pequeñín no lo tiene fácil para encontrar equipo en las múltiples realidades paralelas. Sólo en aquellas en las que los entrenadores consiguen pasar por alto su aspecto sospechoso puede disfrutarse de su gran calidad de juego. Forma parte de los Radiostar Freaks, pero también, en el universo F494, forma parte de un equipo cuyos integrantes comparten una característica: todos ellos saben a salmón ahumado (sus partidos contra los osos son bastante violentos).”
loc_char_mutant_03_descr;«Todos los bebés son guapos... Pero no todos se convierten en un mutante radiactivo y mortal, como yo».
loc_char_mutant_04_bio;“Dicen que proviene de una familia aristocrática, pero enfermó de moquillo radiactivo y huyo avergonzada de los entornos palaciegos. Para una mutante monorgánica (un sólo órgano, en este caso un ojo, que adquiere todas las funciones de un individuo) como Sedruol, las cosas son siempre sencillas. Ella tiene visión de juego y y parece anticiparse a sus contricantes como si fuera vidente. Ver para creer. Es difícil encontrar versiones alternativas de Sedruol en aquellos universos en los que no se vende colirio en envases familiares. No es el caso del Premiumverso Original, donde Sedruol milita en la causa pro mutante y juega para los Radiostar Freaks. En otras realidades paralelas podemos encontrarla jugando en un puñado de equipos, como las Bizarre Sisters y los Morpho Blobs. En el universo R984 cumple condena por lanzarle una legaña a un jugador alienígena que sufrió traumatismo craneoencefálico.”
loc_char_mutant_04_descr;«Mirarlos fijamente es lo menos malo que les hago a mis contrincantes».
loc_char_mutant_05_bio;“Bymheads es un ejemplo de lo que sucede cuando sometes a ADN alienígena de distintas galaxias a la radiación vírica. Un ser imposible, difícilmente predecible en capacidad y conducta. En un 80% de las realidades paralelas cumple condena por distintos delitos relacionados con alteración cuántica de la realidad para lucro propio. Pero no todas las versiones de este inefable mutante son deshonestas. Los Radiostar Freaks se benefician de su juego en el Premiumverso original. En el universo E384 forma parte de los Morpho Blobs, los mutantes más dismorfos. En el F484, por el contrario, ha ganado el título de Mr. Simpatía en el certamen de Mr. Universo.”
loc_char_mutant_05_descr;«Mientras te estás preguntando qué soy, yo ya te he ganado el partido»
loc_char_mutant_06_bio;“Una supermamífero anarquista con genes radiactivos y muy mala leche. Scimpheak ha salido de una casa okupa de Leeds y a base de codazos y golpes de cuello ha llegado a lo más alto del Aces of Multiverse, como una de las mejores goleadoras. Exceptuando en el universo D484, donde está permitido cazar jirafas por mucho que su cociente intelectual supere los 120 puntos, todas las versiones alternativas de Scimpheak son exitosas jugadores de Aces of Multiverse. En el Multiverso Original sólo abandona su casa okupa para acudir a los entrenamientos con los Radiostar Freaks. En el G232 se ha atragantado con una espinita de cachalote.”
loc_char_mutant_06_descr;«Si levantas la cabeza para mirarme a la cara, te escupo en un ojo».
loc_char_mutant_07_bio;“Ha recibido un notable incremento del rendimiento gracias a una transmisión interdimensional y está lista para montar el pollo. Esta verisión de Aivvlys huevolucionada mejora en fuerza y en destreza, gracias al ejercicio físico que ha realizado un usuario Xplora. Esta versión alternativa de Aivvlys es infrecuente, sin embargo, aquí está. Para que pudiera ocurrir, el propietario de un dispositivo interdimensional Xplora, en un mundo paralelo, ha tenido que realizar un importante esfuerzo físico. Sólo de esa forma tal cantidad de rendimiento ha podido viajar por el multiverso hasta beneficiar al Aivvlys original.”
loc_char_mutant_07_descr;«Con más fuerza y más destreza, puedo sacar las plumas. Co-co-co-co-comienza el espectáculo».
loc_char_mutant_08_bio;“Ahreaks ha recibido una importante transmisión cuántica de rendimiento, procedente de un usuario de un dispositivo interdimensional Xplora, que lo ha hecho evolucionar. Su velocidad se incrementa aún más, y su destreza también aumenta. La magnífica velocidad del Ahreaks original se incrementa hasta convertir a este Ahreaks Evo en uno de los jugadores más veloces del campeonato. Pero además, su destreza también mejora. Esto es altamente inusual. Sólo el gran intenso ejercicio practicado por un usuario Xplora anónimo, en un universo ajeno al del Ahreaks original, ha podido enviar tal cantidad de información cuántica a través del multiverso, para hacer evolucionar así las moléculas de Ahreaks.”
loc_char_mutant_08_descr;«Voy a más velocidad, mantengo mejor el control, me merezco un buen terrón de azúcar».
loc_char_mutant_09_bio;“Uqeols Evoluciona para conseguir un mejor lanzamiento de balón. Esto ha sido posible gracias a que las moléculas de sus células han recibido todo el rendimiento de un misterioso usuario de un dispositivo interdimensional Xplora. Uqeols nos ganaba por su aspecto abrazable, pero Uqeols Evo nos ganará por un lanzamiento más preciso. No es usual ver a este jugador evolucionado: para ello, una persona de otra realidad paralela ha tenido que practicar suficiente ejercicio y su dispositivo interdimensional Xplora ha tenido que enviar todo ese nuevo rendimiento a través del multiverso.”
loc_char_mutant_09_descr;«Mientras admiras mi hermoso pelaje te puedes llevar un pelotazo entre ceja y ceja».
loc_char_mutant_10_bio;“El ejercicio practicado, en otro universo, por un usuario de un dispositivo interdimensional Xplora ha tenido efecto inmediato en God, que Evoluciona. El rendimiento se ha transmitido a través del multiverso y le ha mejorado en lanzamiento. Es extraño ver bebés tan hábiles, pero ver un God Evo es mucho más extraño. Para encontrar esta versión alternativa del jugador, un usuario Xplora ha tenido que practicar ejercicio en su propio mundo, y todo el rendimiento se ha transmitido por entrelazamiento cuántico al universo del God original. Ahora podemos disfrutar de su juego, igual de veloz que siempre, pero con un mejor lanzamiento.”
loc_char_mutant_10_descr;«Otros bebés tiran la comida al suelo, yo ahora lanzo la pelota con mucha más precisión».
loc_char_mutant_11_bio;“Un usuario anónimo de un universo lejano ha practicado el suficiente deporte como para enviar a la Sedruol original un buen incremento en el rendimiento: esta Sedruol Evolucionada mejora en lanzamiento y destreza. Si te inquieta su forma de mirar, quizá te alivie saber que esta Sedruol Evo es infrecuente, y no te la encontrarás en la gran mayoría de los campos de juego. Si, por el contrario, amas su elegancia y agradeces su mejoría en el disparo y la destreza, deberás agradecérselo a ese usuario de un dispositivo interdimensional Xplora que ha estado haciendo deporte para transmitir su rendimiento a través del multiverso.”
loc_char_mutant_11_descr;«El que tenga ojos para ver, que mire cómo lanzo y controlo la pelota».
loc_char_mutant_12_bio;“La multitud de miembros indescriptibles que componen el cuerpo de Bymheads son un reto para cualquier sistema neurológico de un ser vivo. Ahora, gracias al ejercicio practicado en otra dimensión por el usuario de un Xplora, Bymheads evoluciona y consigue un lanzamiento más preciso. El Bymheads original ya era un bicho bastante raro, pero un Bymheads Evo es infrecuente. Hay pocas probabilidades cuánticas de que un dispositivo interdimensional Xplora le haga llegar el rendimiento del ejercicio físico de su usuario. Aún así, puede suceder y, en este caso, ha sucedido. Ahora solo queda disfrutar de su juego igual de veloz, pero con mejor lanzamiento.”
loc_char_mutant_12_descr;«Coordinar todos estos brazos para lanzar la pelota no es fácil, tíos, pero ahora lo hago mucho mejor».
loc_char_mutant_13_bio;“Los caprichos del entrelazamiento cuántico han beneficiado notablemente a Scimpheak, haciéndola evolucionar en lanzamiento y destreza. El usuario Xplora que le ha transmitido este rendimiento ha realizado un notable esfuerzo. Ver una jirafoide desplazarse a la velocidad de la Scimpheak original es extraño, pero ver cómo Scimpheak Evo lanza y controla es aún más inusual. El usuario que transmitió todo ese rendimiento a través del multiverso, gracias a su dispositivo interdimensional Xplora, tuvo que realizar un intenso ejercicio, cosa que es buena para él y, sin duda, para Scimpheak Evo.”
loc_char_mutant_13_descr;«No sólo lanzo mejor y controlo mejor la pelota, sino que además se me ha curado la tortícolis».
loc_char_mutant_14_bio;“Una transmisión interdimensional de rendimiento ha provocado la evolución de esta poderosa jugadora. Zapiram Evo incrementa su velocidad hasta límites insospechados, además de mejorar su tiro. El equipo que disponga de los servicios de Zapiram Evo puede considerarse asombrosamente afortunado, porque su existencia es altamente improbable. El grado de ejercicio físico al que ha tenido que someterse un usuario de un dispositivo interdimensional Xplora para lograr esta evolución es muy meritorio. Así que, enhorabuena, crack, allá donde estés.”
loc_char_mutant_14_descr;«Mira lo rápido que voy a despojarte de tus privilegios sobre el campo»
loc_char_mutant_15_bio;“En algún lugar del multiverso, un anónimo usuario de un dispositivo interdimensional Xplora ha dado el cayo. El ejercicio físico que ha realizado ha sido intenso y ha encontrado un receptor en esta realidad paralela. Ahreaks Ultra Evo mejora en fuerza, lanzamiento y destreza. Ahora no sólo es uno de los jugadores más rápidos, también presenta unos estupendos números en otras características. Pero esta versión de Ahreaks es tan extraña como encontrar una hormiga diabética, por lo que podemos considerarnos afortunados y agradecidos con el usuario Xplora que ha trabajado tan duro para conseguir la evolución de este personaje.”
loc_char_mutant_15_descr;«Cuando los niños pequeños aplastan una hormiga, se les dice: ¿A que no te gustaría que Ahreaks Evo viniera a aplastarte a ti?»
loc_char_mutant_16_bio;“Nacida en el planeta Protozoolia , el aspecto original de Zapiram era el de cualquier amebomorfo: es decir, una célula de 60 kg sin forma, una ameba gigante. Tras contraer el moquillo radiactivo, su ADN se infestó de genes de homo sapiens y acabo transmutada en humanoide, cosa que no le hizo ninguna gracia. Ahora, cada vez que se mira al espejo, añora sus esculturales y viscosas formas protozoicas, lo que la llena de furia antes de los partidos. Esta estratosférica jugadora continúa siendo un protozoo en muchas realidades alternativas. Podemos considerar afortunados a aquellos universos en los que su mutación humanoide la ha empujado a hacerse una estrella del Aces of Multiverse. Si vives en la realidad paralela adecuada, podrás disfrutar de su juego en equipos como el Bizarre Sisters.”
loc_char_mutant_16_descr;«Ya perdí mi forma original. No me importa perder las formas con mis rivales»
loc_char_robot_00_bio;“Construyó su sistema zapateador con la bota del primer rival al que humilló en un terreno de juego. Algunos piensan que dentro de esa bota también está el pie de aquel desgraciado adversario. Para conocer la verdad, habría que desguazarlo. Pero él no está por la labor. Con bota o sin ella, la forma oblonga de su carcasa lo hace muy adecuado para resistir grandes presiones. Por este motivo, en muchas realidades alternativas se dedica a labores de minería en planetas de tipo gigante gaseoso. Sin embargo, en el Premiumverso Original y en otro puñado de afortunados multiversos pone toda su dureza al servicio de los mejores equipos. Lo verás en los electro Killers, en los Robo Dancers y en otros combinados farragosos. ”
loc_char_robot_00_descr;«Respondo al siguiente algoritmo: Si me quitas la pelota te comes mi bota».
loc_char_robot_01_bio;“Se enorgullece de ser un robot ”"hecho a sí mismo”"... ¡literalmente! Empezó como simple dedo meñique robótico que recogía chatarra para ganarse la vida. Poco a poco, con las piezas metálicas sobrantes que iba ahorrando en una caja de galletas, fue construyéndose un cuerpo hasta convertirse en un jugador de élite, ejemplo para todos aquellos que empiezan y necesitan motivación. No en todos los multiversos ha tenido el mismo éxito al construirse así mismo. En el universo Z842 una pieza defectuosa le ha condenado a ser una caja de galletas de por vida. Por el contrario, en el Premiumverso Original todos sus circuitos conectan a la perfección para dar lugar a un gran jugador de Aces of Multiverse, y lo mismo ocurre en el R384, donde juega para los Pseudochips Mix. ”
loc_char_robot_01_descr;«A todos esos que dicen que jugar al Aces of Universe es duro, les ponía yo a trabajar en el vertedero de residuos electrónicos».
loc_char_robot_02_bio;“Diseñado como Robbie9, en un planeta prohibido, al servicio de un doctor loco empeñado en secuestrar a los hijos de un famoso científico, ahora que por fin es libre, ha renunciado a su nombre de esclavo, y no quiere hacer nada más que jugar al Aces of Multiverse y escapar de su turbio pasado. El sueño de la libertad es tan poderoso que el destino de Freesteam es casi el mismo en todas las realidades paralelas: convertirse en jugador de Aces of Multiverse. Esta misión cósmica le ha convertido en jugador titular de los Electro Killers, los Robo Dancers y otros muchos equipos de distintos universos. Solo en un puñado de ellos continúa viviendo como esclavo en un planeta prohibido, soñando cada día con la libertad y la venganza.”
loc_char_robot_02_descr;«Pueden exigirme una nueva actualización de software pero jamás me quitarán mi libertad»
loc_char_robot_03_bio;“Fue diseñado para detonar armas nucleares mataplanetas, pero antes de la liberación de los robots se le retiraron los circuitos que lo hacían letal. Ahora, juega al Aces of Multiverse durante el día y, por las noches, trata de recuperar sus antiguos componentes, sin los cuales se siente vacío. ¿Qué hará cuando los consiga? Bueno, preferíamos no estar en ese plano del multiverso cuando suceda. No se sabe a ciencia cierta en cuántos universos ha conseguido recomponer su detonador nuclear quántico y destruir un planeta junto consigo mismo, pero se estima que ha sido en varios. En todas las demás realidades paralelas, continúa su labor sobre el campo y su búsqueda de piezas fuera de él. Sólo en el universo hippy H832 ha aprendido que el amor es más poderoso que el odio. Hay que vigilarlo bien.”
loc_char_robot_03_descr;«Jugar contra mí es la bomba».
loc_char_robot_04_bio;“Mientras fue esclavo, su único cometido en la vida fue reponer los rollos de papel higiénico del lavabo del Consejero Delegado de Industrias Third Kind. Una vez libre, tuvo que someterse a una limpieza de software (y de carcasa) para creer en sí mismo. Pero lo que de verdad ha conseguido hacerle sentir plenitud vital ha sido jugar al Aces of Multiverse. Como no en todos los universos se ha logrado una independencia fáctica de los robots, en algunos de ellos sigue siendo un limpiador de baños. En algunos otros mantiene vivos sus instintos higiénicos y no es extraño ver cómo se detiene en mitad del campo para frotarle los cuartos traseros a algún adversario. Por lo general, es un jugador competente y así lo demuestra en el Premiumverso Original en las filas de los Electro Killers.”
loc_char_robot_04_descr;«¿Desea usted un nuevo rollo de papel? ¡Pues cómpreselo!»
loc_char_robot_05_bio;“¿Puede un innovador robot sanitario, especializado en intervenciones obstétricas, convertirse en un impetuoso jugador de Aces of Multiverse? Puede. Tras la liberación robótica, este androide reconvirtió sus amorosas pinzas, diseñadas para mimar a los recién nacidos, en dos armas mortales capaces de partir en dos a sus rivales. Las versiones alternativas de este robot que se dedican a jugar al Aces of Multiverse tienen mucho más éxito que aquellas que siguen dedicándose a la obstetricia en su realidad paralela. Con los Electro Killers tuvo la oportunidad de atender el parto de una espectadora que rompió aguas y, inmediatamente, marcar cuatro goles. También se le puede ver defendiendo los colores de los Pseudochips Mix y otros equipos.”
loc_char_robot_05_descr;«Mis pinzas te acarician hasta llegar al tuétano».
loc_char_robot_06_bio;“Durante los años de esclavitud, vivió encerrado en un almacén, dado que su sistema operativo no obtuvo el éxito comercial que sí consiguieron otros competidores, y nunca encontró comprador. Tras la liberación, ha tenido que encontrar aquello para lo que estaba destinado en la vida. No tardo en hallarlo: jugar al Aces of Multiverse. Estar encerrado en una caja no es un destino aceptable para ningún ser autoconsciente, por lo que Distantglade ha escapado de esta circunstancia en casi todas las realidades paralelas donde, al mismo tiempo, ha demostrado un excepcional talento para el Aces of Multiverse casi sin excepción. Sólo en el universo X484 permanece dentro de su caja, pues ha desarrollado agorafobia.”
loc_char_robot_06_descr;«No me gusta la gente que no tiene el interior de metal, por eso los relleno de plomo»
loc_char_robot_07_bio;“Summerstride ha evolucionado tras recibir una transmisión de rendimiento a través del multiverso. El progreso más notable está en su velocidad, que duplica a la del Summerstride original. Sin duda, el usuario Xplora que ha logrado esta evolución ha hecho un gran trabajo. No es frecuente encontrar esta versión alternativa y evolucionada de Summerstride, tan veloz y diestra. Quien haya logrado ejecutar semejante envío transdimensional de rendimiento ha tenido que sudar mucho. Por eso, agradecemos al usuario Xplora que lo haya conseguido.”
loc_char_robot_07_descr;«De pronto empiezo a pensar que mi padre fue una bala».
loc_char_robot_08_bio;“Un usuario de un dispositivo interdimensional Xplora ha estado sudando la gota gorda y, como consecuencia de ello, Havenscream ha evolucionado de forma notable. Su velocidad ha aumentado hasta casi duplicar la del original y también mejora su destreza. Para que está versión evolucionada de Havescream sea posible, un anónimo propietario de un dispositivo interdimensional Xplora ha tenido que hacer mucho ejercicio y muy intensamente. Sólo así se explica semejante incremento en la velocidad y la destreza del jugador. Por eso, es muy inusual encontrar a Havenscream Evo en cualquier lugar del multiverso.”
loc_char_robot_08_descr;«Si hubiera disfrutado de tanta velocidad cuando era un niño, habría sido feliz».
loc_char_robot_09_bio;“Freesteam ha evolucionado, ganando en velocidad y destreza. Una transmisión de rendimiento llegada de otra realidad paralela le ha beneficiado notablemente, gracias a los dispositivos interdimensionales Xplora y al ejercicio realizado por su usuario. Sudar la gota gorda en un rincón olvidado del multiverso puede tener como consecuencia que un robot de una realidad paralela mejore sus condiciones de juego. Esto es lo que ha ocurrido con Freesteam Evo, pero no es habitual que suceda. Si no llega a ser por ese usuario Xplora que ha estado entrenando y ha transmitido su rendimiento mediante su dispositivo interdimensional, Freesteam Evo sería imposible.”
loc_char_robot_09_descr;«Si el poder es libertad, ahora me siento más libre que nunca».
loc_char_robot_10_bio;“Fruto del entrelazamiento cuántico, por el cual se han emparejado las moléculas de los circuitos de Sanakegrain con las células del usuario de un dispositivo interdimensional Xplora, este pequeño robot ha evolucionado hasta convertirse en uno de los más veloces de su especie. Si sus intenciones te inspiran inquietud, no temas: su existencia es insual en cualquier parte del multiverso. Para ver esta versión evolucionada de Snakegrain, tan veloz, un usuario Xplora ha tenido que realizar un esfuerzo físico muy intenso, antes de transmitir el rendimiento a través del multiverso. Ahora que Snakegrain Evo está aquí, disfrutemos de su juego y tratemos de ignorar su objetivo personal de destruir el universo.”
loc_char_robot_10_descr;«Ahora puedo desplazarme más rápido. ¿Seré igual de veloz a la hora de detonar mi explosivo termonuclear?»
loc_char_robot_11_bio;“El entrelazamiento cuántico interdimensional ha favorecido, esta vez, a Ironthorne, que evoluciona ganando, sobre todo, velocidad. La transmisión de rendimiento ha surcado el multiverso procedente de una realidad desconocida, donde un usuario de un dispositivo Xplora ha estado haciendo ejercicio. Esta versión evolucionada de Ironthorne no es común. No resulta fácil encontrarla en ningún punto del multiverso conocido. Sin embargo, que no sea común no quiere decir que no sea posible. Un usuario de un dispositivo interdimensional Xplora ha conseguido que exista, transmitiéndole el rendimiento de su ejercicio físico. Y aquí está, para disfrute de todos. ”
loc_char_robot_11_descr;«Si tengo que desintegrarme, que sea tras fundir mis circuitos a causa de la velocidad»
loc_char_robot_12_bio;“Leafreaper presenta su nueva evolución tras recibir una importante transmisión de rendimiento, procedente de un usuario Xplora que ha practicado ejercicio físico en algún lugar del multiverso. Un aumento de la velocidad es lo más notable en su nueva condición. Leafreaper Evo es un jugador inusual que no esperamos encontrar en casi ningún terreno de juego. Sin embargo, el entrenamiento de una persona, propietaria de un dispositivo interdimensional Xplora, lo ha hecho posible. Ahora podemos disfrutar de su metálica calidad a mayor velocidad que nunca.”
loc_char_robot_12_descr;«Mi nueva velocidad es el espacio del terreno de juego divido entre el mínimo tiempo que tardo en marcar»
loc_char_robot_13_bio;“El intenso ejercicio físico realizado por un usuario de un dispositivo interdimensional Xplora ha tenido sus efectos al otro lado del multiverso. Distantglade ha recibido una notable transmisión de rendimiento y evoluciona, ganando, sobre todo, en velocidad. Para que sea posible esta existencia de Distantglade, el propietario de un dispositivo interdimensional Xplora ha tenido que sudar copiosamente, antes de acertar a transmitir con éxito todo ese rendimiento a otra dimensión. Por tanto, Distantglade Evo es un jugador poco común que no se encuentra con facilidad. Así que celebramos haberlo encontrado aquí y ahora.”
loc_char_robot_13_descr;«Aún no sé cuál era mi función original, pero sé que ahora podría desempeñarla a mayor velocidad».
loc_char_robot_14_bio;“Un colosal volumen de rendimiento acaba de transmitirse por un dispositivo interdimensional Xplora hasta alcanzar a Freesteam. Ahora evoluciona, adquiriendo unas notables condiciones de fuerza y lanzamiento. Esta versión evolucionada de Freesteam es tremendamente inusual, por lo que es una suerte tenerla entre nosotros. Debemos agradecer este honor al usuario Xplora que ha practicado el ejercicio suficiente como para hacer realidad esta condición cuántica, al otro lado del multiverso.”
loc_char_robot_14_descr;«Si estás a mi derecha, puedo lanzar una pedrada hacia la izquierda, que dé la vuelta a este planeta y te impacte en toda la cabeza».
loc_char_robot_15_bio;“Harto de ver cómo los humanos utilizan piezas robóticas para mejorar sus organismos (convirtiéndose en ciborgs), ha sido el primer robot en hacer lo contrario: potenciar su hardware mediante órganos humanos. Unos pulmones para optimizar el sistema de extracción de gases, una membrana pituitaria para detección molecular y un intestino grueso para dar un poco de asquete a los rivales convierten a este androide en el primer roborg jamás creado. El grandioso Ace robótico es difícil de encontrar en casi todas las realidades alternativas. Esto se debe a que la tecnología que hace posible el implante orgánico en un robot resulta mucho más compleja que la inversa. Si algún día tienes la oportunidad de verle jugar, en equipos como los Pseudochips Mix del universo R384 o en los Robo Dancers del B848, te asombrará.”
loc_char_robot_15_descr;«Tengo alguna parte blanda, pero no es la que voy a usar para machacarte».
loc_char_robot_16_bio;“El poderoso Ace de la raza robótica ha recibido una notable transmisión de rendimiento que le ha hecho evolucionar hasta convertirlo en uno de los jugadores más rápidos del campeonato. Si ya es extraño encontrar un Downjumper original, encontrar un Downjumper Evo es como hallar una tuerca en un pajar. Ha sido intenso el ejercicio que se ha visto obligado a realizar el propietario del dispositivo interdimensional Xplora para conseguir hacer realidad a este jugador. Ahora podremos vibrar con la velocidad de este gran jugador.”
loc_char_robot_16_descr;«Mi parte humana se siente bien, mi parte robótica computa mejor».
loc_char_martian_00_bio;
loc_char_martian_00_descr;
loc_char_martian_01_bio;
loc_char_martian_01_descr;
loc_char_martian_02_bio;
loc_char_martian_02_descr;
loc_char_martian_03_bio;
loc_char_martian_03_descr;
loc_char_martian_04_bio;
loc_char_martian_04_descr;
loc_char_martian_05_bio;
loc_char_martian_05_descr;
loc_char_martian_06_bio;
loc_char_martian_06_descr;
loc_char_martian_07_bio;
loc_char_martian_07_descr;
loc_char_martian_08_bio;
loc_char_martian_08_descr;
loc_char_martian_09_bio;
loc_char_martian_09_descr;
loc_char_martian_10_bio;
loc_char_martian_11_descr;
loc_char_martian_12_bio;
loc_char_martian_12_descr;
loc_char_martian_13_bio;
loc_char_martian_13_descr;
loc_char_martian_14_bio;
loc_char_martian_14_descr;
loc_char_martian_15_bio;
loc_char_martian_15_descr;
loc_char_martian_16_bio;
loc_char_martian_16_descr;
loc_char_pr_00_bio;"¿Y si en un universo paralelo el personaje de Alicia en el País de las Maravillas fuera real? Bueno, casi real. Porque esta Alicia cazó al conejo blanco, le robó la chistera al sombrerero loco, le cortó la cabeza a la reina y regresó con ganas de dar caña en un equipo de Aces of the Multiverse."
loc_char_pr_00_descr;«No estoy para cuentos»
loc_char_pr_01_bio;"En otros universos, las abuelas hacen calceta. En el universo de Nancy Neutrino, las abuelas diseñan jetpacks supersónicos. La suya se llevó a la tumba el secreto de su mochila a reacción cuántica, que puede convertirte en la primera persona que viaje más rápido que la luz... El problema es que, como todo lo cuántico, depende del azar. Nancy Neutrino no sabe cuándo se activará su jetpack, así que no se lo quita nunca. Mientras espera que llegue ese día glorioso, juega al Aces of the Multiverse."
loc_char_pr_01_descr;«Jugar al Aces of the Multiverse no es tan duro... A menos que juegues contra mí»
loc_char_pr_02_bio;"Que no te engañe su delicada apariencia. Flower ha crecido en un universo floral masivo, lo que podría ser bonito… Si no mencionamos las atmósferas asfixiantes, ricas en CO2 y escasas en oxígeno, los evolucionadísimos insectos gigantes, venenosos y mortales, o las tormentas de polen tóxico letal. Flower aprendió a jugar al Aces para salir de su realidad paralela y llevarse de allí a todos sus hermanos. Por eso juega así: porque le va la vida en ello."
loc_char_pr_02_descr;«Si eres de los que se detienen a oler las flores, no olerás la victoria»
loc_char_pr_03_bio;"Descendiente de una prolongada saga de supervillanos, la vida Rosalievil Dark dio un vuelco cuando su padre fue detenido pocos segundos antes de que consiguiera destruir todos los universos posibles de un plumazo. Ahora Rosalievil es la última Dark en libertad y, dados sus genes, los guardias de seguridad de Third Kind no le quitan el ojo de encima. El único espacio donde puede olvidar su sed de mal es el campo de juego."
loc_char_pr_03_descr;«Sólo madrugo si es para salir a destruir el universo»
loc_char_pr_04_bio;"Abitha es bella. Muy bella. Tan bella que su rostro puede provocar la locura en todas aquellas personas que lo contemplan. Por eso reserva esa visión para sus enemigos más acérrimos. Mientras, porta su máscara de conejo, como un lobo con piel de cordero, como homenaje a su jugadora más admirada, Juani Bunny."
loc_char_pr_04_descr;«Antes de que destruyas la belleza, la belleza te destruirá a ti»
loc_char_pr_05_bio;"¿Pueden los libros convertirte en una jugadora de élite? Sí, si tienes un cerebro genéticamente potenciado como el de Messalina Leonidas. Sus lecturas como El arte de la guerra, Conviértete en una estrella del Aces of Multiverse en 10 pasos o Conversaciones con Zapiram le han facilitado la conversión de datos a movimientos, tácticas y técnicas en su privilegiada cabecita."
loc_char_pr_05_descr;«Puedo leer tu futuro: está escrito en un libro sobre la derrota»
loc_char_pr_06_bio;"El poder del sentimiento profundo, capaz de rasgar en dos los corazones y de provocar que el viento aúlle en tu interior, se manifiesta en Emily de una forma peculiar: cuanto más le embarga la emotividad, más energía acumulan sus células, y mejor jugadora de Aces of the Multiverse se vuelve. Así que, si pretendes ganarle, no la hagas llorar."
loc_char_pr_06_descr;«¿Oyes la lluvia que cae sobre el cristal? Representa la tristeza que me embarga por tener que derrotarte»
loc_char_pr_07_bio;"Al entrelazar cuánticamente el universo de un misterioso usuario con el de Alice, a través de un dispositivo interdimensional Xplora, de pronto la jugadora es más fuerte. Para esto, el anónimo usuario ha tenido que practicar una buena ración de ejercicio extenuante."
loc_char_pr_07_descr;«La última galleta que me comí persiguiendo al conejo blanco me hizo más fuerte»
loc_char_pr_08_bio;"Parece mentira que una cosica tan chiquica como es Nancy Neutrino de pronto haya podido aumentar su fuerza de esta manera. Detrás de esto está un anónimo usuario de un dispositivo Xplora interdimensional ha provocado un entrelazamiento cuántico a base de hacer ejercicio. Cuanto más en serio se tomen el deporte estos usuarios, más mejorarán nuestros jugadores."
loc_char_pr_08_descr;«Ahora noto que la mochila me pesa menos»
loc_char_pr_09_bio;"Flower ha evolucionado tras recibir una transmisión de rendimiento mediante un dispositivo interdimensional Xplora. El progreso más notable está en su lanzamiento, que la convierte en una peligrísima jugaora. El usuario Xplora que ha logrado esta evolución ha hecho un gran trabajo."
loc_char_pr_09_descr;«Ya no te enviaré flores, ahora te lanzaré zambombazos»
loc_char_pr_10_bio;"Rosalievil ha evolucionado, ganando en aguante y destreza. Todo se debe a la confluencia de los dispositivos interdimensionales Xplora con el ejercicio de un usuario. Esto ha posibilitado la transmisión de rendimiento entre multiversos que ha beneficiado notablemente a la jugadora."
loc_char_pr_10_descr;«Siento que soy más diestra y que aguanto más… Así puedo ser más malvada durante más horas»
loc_char_pr_11_bio;"Abitah ha recibido una importante transmisión cuántica de rendimiento que casi hace que se le caiga la máscara. Procede del usuario de un dispositivo interdimensional Xplora, que, con su ejercicio físico, ha hecho evolucionar a la jugadora. Su resistencia y su vida se incrementan, convirtiéndola en un hueso duro de roer."
loc_char_pr_11_descr;«Dicen que la belleza es frágil, pero a mí ya no me tumba ni una explosión de rayos gamma»
loc_char_pr_12_bio;"La aletaoriedad del entrelazamiento cuántico ha beneficiado notablemente a Messalina. Ahora su fuerza y su lanzamiento se han vuelto más poderosos. El usuario Xplora que le ha transmitido este rendimiento ha realizado un notable esfuerzo."
loc_char_pr_12_descr;«Deja de repetir que tu destino está escrito, cuando ahora yo te lo puedo alterar de un pelotazo»
loc_char_pr_13_bio;"Un usuario anónimo de un universo lejano ha practicado deporte muy intensamente. Tanto, que ha conseguido enviar a la Emily Emo Lee original un buen incremento en su velocidad y en su resistencia."
loc_char_pr_13_descr;«Lo que casi te mata de emoción te hace muchísimo más fuerte»
loc_char_pr_14_bio;Una transmisión de rendimiento a través del multiverso ha cambiado mucho las cosas en la vida de Nancy Neutrino. Por fin, el control de las partículas cuánticas que necesitaba para hacer funcionar su jetpack a su antojo es una realidad. Y no sólo eso: ahora también dispone de unas características que están entre las más poderosas del torneo. Todo gracias a las horas de deporte acumuladas por el usuario de un dispositivo interdimensional Xplora.
loc_char_pr_14_descr;«Ahora que este cacharro funciona, vamos a dar caña».
loc_char_pr_15_bio;La Juani proviene de un universo superpoblado por conejos de la suerte, en el que tienes que demostrar lo que de verdad vales para destacar entre tantos habitantes mágicos. La Juani demostró su especial suerte jugando al Aces clandestino en polígonos industriales y aparcamientos de discoteca. Pronto, los organizadores de la liga Aces of the Multiverse se fijaron en ella y le propusieron liderar equipos. Pero va en la naturaleza de todo conejo de la suerte el ser escurridizo. Por tanto, si consigues tenerla en tu combinado, tienes, pues eso, suerte.
loc_char_pr_15_descr;«Me sobran incisivos para cortar por lo sano tus intenciones»
loc_char_pr_16_bio;Una transmisión interdimensional de rendimiento ha provocado la evolución de esta poderosa jugadora. Juani “Lucky” Bunny ha obtenido la extraña habilidad especial. Ahora es capaz de desplazarse a toda velocidad y de materializar su buena fortuna de en forma de huevos de pascua explosivos. Y todo gracias al inconsciente usuario de un dispositivo interdimensional Xplora que hacía ejercicio tranquilamente en su realidad paralela.
loc_char_pr_16_descr;«Llegó la hora de repartir suerte a kilotones»
loc_eq_00_name;Electric Protection
loc_eq_00_info;Industrias Third Kind encontró estos dispositivos en viaje al universo de John Jacob Astor IV, descrito en la novela A Journey In Other Worlds. Inmediatamente lo patentó para su comercialización a nivel multiversal en todas las realidades donde se juega al Aces of Multiverse.
loc_eq_00_descr;“Un perímetro electro-defensivo para que tus atacantes se lo piensen dos veces antes de golpearte. FUERZA +2 «Con Electric Protection, cuanto más me zurran, más fuerte me siento». Moustakim Vitailevich”
loc_eq_01_name;Bio Energy
loc_eq_01_info;Desde su invención en el universo de Johnathan Swift, tal y como describe en Los viajes de Gulliver, ha sido usada para alimentar la demanda energética de distintas poblaciones. Técnicos en ingeniería deportiva han sabido adaptarla para un mejor rendimiento en el terreno de juego.
loc_eq_01_descr;“Fármaco que extrae energía de la microbiota de tu organismo para ganar potencia de golpeo. FUERZA +2 «Dicen que somos un 90% agua, pero con Bio-Enegergy somos un 90% refresco energético». Aivlys”
loc_eq_02_name;Wind Power Generation
loc_eq_02_info;Otro de los dispositivos de los que Industrias Third Kind se apropió en sus viajes a la dimensión de John Jacob Astor IV, descrita en sus novelas A Journey In Other Worlds. La adaptación al juego fue realizada por ingenieros deportivos en el Premiumverso Original.
loc_eq_02_descr;“Canaliza las corrientes de aire para impulsar el balón. LANZAMIENTO +2 «Por fin una ventosidad mucho más eficiente que la que provocan las latas de judías radiactivas». Uqeols”
loc_eq_03_name;Nexus 6 brain Unity
loc_eq_03_info;Del la realidad alternativa N232, donde todas las invenciones de Phillip K Dick se hacen realidad, los espías industriales interdimensionales han obtenido los planos de la estructura orgánica de este cerebro replicante, descrito en ¿Sueñan los androides con ovejas eléctricas?
loc_eq_03_descr;“Un cerebro de replicante para incrementar tu rendimiento neuronal. DESTREZA +2 «Como decimos los robots: para ciertas cosas hay que tener cerebro, ya sea electrónico o de los blanditos». Freesteam”
loc_eq_04_name;Magnetic eyes
loc_eq_04_info;Otra innovación de la ingeniería civil adaptada al Aces of Multiverse para mejorar el rendimiento de los jugadores. El diseño proviene del universo de John Jacob Astor IV, tal y como relata en Journye In Other Worlds.
loc_eq_04_descr;“Injertos oculares cibernéticos para ver mucho más allá del espectro de la luz visible. FUERZA +2 «Mírame a los ojos, le dije. Y lo siguiente que vio fue a mí marcándole un gol e contra». C'thalnig”
loc_eq_05_name;Neural Lace
loc_eq_05_info;Los espías industriales interdimensionales obtuvieron este dispositivo en la dimensión habitada por Iain Banks, y descrita en la novela Surface Detail. Inmediatamente confirmaron su potencial para mejorar el rendimiento en el juego.
loc_eq_05_descr;“Nano injerto cerebral capaz de intensificar las conexisiones neuronales, mejorando la destreza del portador. DESTREZA +2 «Es muy útil y al ponértelo sólo sientes un ligero picor en la cabeza… No… Espera… El picor es porque tengo pulgas». Aleksei Rollan”
loc_eq_06_name;Acceleration Shell
loc_eq_06_info;El universo de Joe Haldeman ha proporcionado esta inestimable innovación a los viajeros interdimensionales, quienes la hallaron descrita en la novela The forever war. Una vez traída al Premiumverso Original ha sido adaptada para utilizarse en el juego por técnicos de Industrias Third Kind.
loc_eq_06_descr;“Traje-cápsula que reduce la atracción gravitatoria, permitiendo un desplazamiento más rápido VELOCIDAD +2 «En el terreno de juego no necesitas para nada un traje para resultar más atractivo. Más bien todo lo contrario». Zapiram”
loc_eq_07_name;Steel Tentacle
loc_eq_07_info;El universo de H. G. Wells es continuamente visitado por viajeros interdimensionales que obtienen ideas de gran riqueza para ser adaptadas a las distintas realidades alternativas. Algo tan sencillo como un tentáculo de acero, descrito en La guerra de los mundos, se convierte en un valioso dispositivo para los jugadores de Aces of Multiverse.
loc_eq_07_descr;“Apéndice blindado y autónomo que te protege de ataques enemigos. FUERZA +2 «Nunca me ha tocado manejarlo, pero me faltan tres dientes porque a un rival sí que le tocó». Ursula Cornelia Oakley”
loc_eq_08_name;Space sick
loc_eq_08_info;En el universo de Hugo Gernsback, en concreto, en el descrito en la novela Ralph 124c 41, bioingenieros de Industrias Third Kind recogieron el concepto de mareo espacial, y se pusieron manos a la obra para diseñar, no una cura, sino un dispositivo para provocarlo. Una vez patentaron el dispositivo, a alguien se le ocurrió que sería bueno emplearlo en los estadios de Aces of Multiverse.
loc_eq_08_descr;“Nanopartículas balísticas proyectadas contra los centros nerviosos de tus adversarios en cada golpeo. Aumetan las posibilidades de herirlos o noquearlos. «¿Nanotecnología deportiva? A veces lo mínimo es lo máximo». Bethany Mary Champ”
loc_eq_09_name;Gyro Hat
loc_eq_09_info;Todo un tratado (An Experiment in Gyro-Hats) se le dedica a este dispositivo en la realidad alternativa de Ellis Parker Butler. Una innovación tan detallada era un caramelito para los espías industriales interdimensionales, que no tardaron en robar los planos y copiarlos para su uso en el Premiumverso Original.
loc_eq_09_descr;“Un gorro que funciona por reflejo invertido: cuanto más tonto te hace parecer ante tus enemigos, más incrementa tu destreza. DESTREZA +2 «Este invento es para quitarse el sombrero. Bueno, mejor que no te lo quites, ya sabes lo que quiero decir…». Leafreaper”
loc_eq_10_name;Magenitized Boots
loc_eq_10_info;Son un elemento clásico en todas las realidades alternativas pero, tal y como saben los ingenieros de Industrias Third Kind, el mejor diseño es el que se describe en la novela Salvage in Space, correspondiente al universo de Jack Williamson.
loc_eq_10_descr;“Construidas en metalonio enriquecido, el portador gana en potencia y destreza, pero su peso disminuye otras habilidades. FUERZA +2 DESTREZA +2 LANZAMIENTO -2 VELOCIDAD -2 «Como decía Nancy Sinatra, this boots are gonna walk all over you». Sedruol”
loc_eq_11_name;Impact Suit
loc_eq_11_info;Un traje diseñado en la dimensión de David Gerrold, que fue encontrada casi por casualidad por espías industriales interdimensionales, descrita en la novela The Fliying Sorcerers.
loc_eq_11_descr;“Tejido en seda aracnoestelar, aumenta la fuerza del portador, pero entorpece ciertos movimientos. FUERZA +3 LANZAMIENTO -1 DESTREZA -1 «Las buenas jugadoras de Aces también sabemos vestirnos para causar impacto». Rhoda Julia Fisher”
loc_eq_12_name;Heavy Impactor
loc_eq_12_info;A pesar de su frecuente abuso del espionaje industrial interdimensional, Industrias Third Kind mantiene un exiguo departamento de I+D donde, muy de vez en cuando, se desarrollan descubrimientos propios. Tal es el caso de esta loción química, concebida para multiplicar el rendimiento de los jugadores de Aces of Multiverse.
loc_eq_12_descr;“Loción corporal con nanoprincipios activos que vigorizan las fibras musculares, aumentando la fuerza y las posibilidades de lesionar o eliminar al adversario. FUERZA +2 «Nunca lo combines con un desodorante. Acabarás en el dermatólogo con la piel en total fluorescencia». God”
loc_eq_13_name;Dimensoscope
loc_eq_13_info;Este dispositivo fue uno de los más buscados por los espías industriales de Third Kind. Tras mucho salto interdimensional, por fin fueron a encontrar un diseño funcional descrito en la novela The Fifth Dimension Catapult, del universo de Murray Leinster.
loc_eq_13_descr;“Permite ver en más de tres dimensiones, lo que mejora lanzamiento y destreza, pero repercute en otras habilidades LANZAMIENTO +2 DESTREZA +2 VELOCIDAD -3 «Este dispositivo es para verte mejor… como le dijo el lobo a Caperucita». Kirill Georgy”
loc_eq_14_name;Weightlessness
loc_eq_14_info;El universo Verne es uno de los más explorados por los espías industriales interdimensionales, dada la riqueza de las innovaciones que de él se suelen extraer. Por ejemplo, en la novela De la Tierra a la Luna hallaron el concepto ingravidez, que les inspiró la idea para desarrollar este dispositivo y adaptarlo a los campos de juego.
loc_eq_14_descr;“Emite antigravitones que reducen el peso de los jugadores de ambos equipos, reduciendo el daño de los impactos y aumentando tu velocidad. VELOCIDAD +2 IMPACTOS -2 (en ambos equipos) «¿Quién no ha estado alguna vez fuera de la ley… aunque sea la ley de la gravedad?» Kag'fhtagn”
loc_eq_15_name;Null suit
loc_eq_15_info;Los pequeños generadores que hacen posible esta innovación están inspirados en los que se detallan en la novela The Ophiuchi Hotline, escrita en el universo de John Varley. Adaptarlos al juego es extremadamente complicado, y lleva una labor de sincronización de años, de ahí la escasez de este poderoso equipo.
loc_eq_15_descr;“Traje de entrelazamiento cuántico, empareja tus partículas con las del atacante, haciendo que sea él quien reciba la fuerza de su propio impacto. «Esto es darle la vuelta a la situación, y que la situación te golpee en toda la cara a mano abierta». R'ly'shogg”
loc_ev_00_name;Counter Machine
loc_ev_00_info;Siempre se ha dicho que los ingenieros de Third Kind son muy malos inventando y muy buenos copiando. El ejemplo de su gran capacidad para asimilar la tecnología ajena es este dispositivo, ingeniado para anular los efectos de los equipamientos rivales: comprender los inventos de los demás para eliminar sus efectos es algo típico en la filosofía de Third Kind Industries.
loc_ev_00_descr;“Produce un pulso electromagnético que consume inmediatamente el tiempo de una habilidad de equipo rival. «Niños, ha llegado la hora de apagar la luz e irse a dormir» Bymheads”
loc_ev_01_name;Gravity belt
loc_ev_01_info;Una tecnología diseñada para facilitar la exploración espacial, tal y como se describe en Venus Mines, Incorporated, del universo Nat Schachner, ha sido invertida por ingenieros del Premiumverso Original para provocar el efecto contrario en aquellos que entran en el rango de acción del cinturón.
loc_ev_01_descr;“Quien toque a su portador notará la inmediata influencia de la antigravedad. «Con este cinturón, si te acercas a mí, bang, zoom, directo a la luna» Yaroslav Yilinch”
loc_ev_02_name;Air Barriers
loc_ev_02_info;Se trata de un sistema inspirado en las Air Blankets (sábanas de aire) del universo Henry Kuttner, descritas en Hollywood on the Moon. Éstas habían sido ingeniadas para proteger a los viajeros interplanetarios de la radiación espacial, pero su versión interdimensional ha sido modificada para incrementar aún más la densidad del aire y así entorpecer el paso de los jugadores rivales.
loc_ev_02_descr;“Pantallas de aire hiperdenso para obstaculizar la llegada a tu portería. «Si tus rivales quieren llegar a tu portería van a tener que tomar aire». Summerstride”
loc_ev_03_name;Suspended Animation System
loc_ev_03_info;La idea de este dispositivo, extraído del universo de Edward Page Mitchell, tal y como se describe en The Senator’s Daughter, era someterse a una hibernación voluntaria para dejar pasar el tiempo con distintos objetivos (viajes espaciales, superar traumas, etc). Los ingenieros del Premiumverso Original han invertido sus outputs para que siga provocando hibernación, pero no voluntaria.
loc_ev_03_descr;“Cocktail farmacológico que ralentiza el metabolismo de tus adversarios, reduciendo su velocidad en un 10% cada dosis. «He visto caracoles más rápidos, y ninguno consiguió quitarme la pelota». Ahreaks”
loc_ev_04_name;Telepomp
loc_ev_04_info;Otro diseño originario del universo Edward Page Mitchell, descrito en su novela The Man Without a Body. Ideado para teletransportar todo tipo de materia con diferentes objetivos, ha sido adaptado para agilizar el movimiento de los jugadores.
loc_ev_04_descr;“Teletransportador de materia util para enviar a tus adversarios al otro extremo del terreno de juego. «Cuando utilizo este dispositivo, siempre les digo: No te vayas muy lejos, que aún no hemos acabado de jugar». Scimpheak”
loc_ev_05_name;Big Push (linnear accelerator)
loc_ev_05_info;La ingenería aeroespacial interdimensional se ha visto muchas veces favorecida por el espionaje industrial ejercido por Industrias Third Kind. Como en el caso de este acelerador de naves interestelares, inspirado en el universo Larry Niven, tal y como queda descrito en Limits. Tras un uso muy prolongado en el sector del transporte galáctico, se han construido microdispositivos capaces de aplicarse a un jugador de Aces of Multiverse.
loc_ev_05_descr;“Acelerador lineal de materia que derribará al primer rival contra el que impactes en línea recta, aplicando una FUERZA +10. «A todos nos viene bien un empujoncito. Sobre todo, si se lo das a tu rival y lo mandas bien lejos». Ironthorn”
loc_ev_06_name;Disruptor Bomb
loc_ev_06_info;El mecanismo original que inspira este dispositivo, proveniente del universo Robert Silververg y narrado en The Man In The Maze, provocaba unos efectos mucho más drásticos, hasta la desintegración molecular de la materia. Los ingenieros han conseguido moderar su intensidad hasta convertirlo en una arma aturdidora.
loc_ev_06_descr;“Genera una onda expansiva aturdidora que reduce notablemente la agilidad y la destreza de ambos equipos. DESTREZA -5 AGILIDAD -5 «Llegas a pensar que estás de nuevo jugando en el patio de tu colegio… pero los rivales siguen siendo osos de tres metros y mutantes radiactivos». Amelia Messalina Brogley.”
loc_ev_07_name;Beta Beam Satellite
loc_ev_07_info;Aunque los ingenieros de Third Kind tienen mucho más talento para convertir dispositivos de ingeniería civil en mecanismos destructivos, a veces también recorren el camino inverso. Tal es el caso de este satélite que, en el universo de Larry Niven, tiene un uso militar, tal y como se narra en Limits, mientras que en su adaptación a los campos de juego no está pensado para provocar una destrucción masiva. Al menos, de momento.
loc_ev_07_descr;“Tu nave espacial pone en órbita un satélite armado con un cañón láser con el que puedes freír el campo contrario. «Es como si el dios del trueno se hubiera puesto de tu lado y pulverizase con sus rayos a tus adversarios». Ruslan Antonov”
loc_ev_08_name;Catchpocket
loc_ev_08_info;El universo Frank Herbert es rico en grandes desiertos que favorecen el ingenio de sus habitantes. Tal y cómo se describe en Dune, este dispositivo integrado en el traje sirve para guardar lo más preciado: el agua. Los ingenieros del Premiumverso Original han sabido utilizarlo para lo mismo, guardar lo más preciado: el último equipamiento que haya utilizado cualquiera de los jugadores.
loc_ev_08_descr;“Recoge la actividad cuántica reciente para que puedas replicar el último equipamiento experimental que haya usado cualquier jugador. «Como decía mi madre: nunca tires nada sin saber que no lo puedes volver a utilizar». Nacc'thal”
loc_ev_09_name;Nullfield
loc_ev_09_info;Procedente del universo de John Varley, al igual que su hermano menor, el Null-Suit, este poderoso campo, descrito en The Ophiuchi Hotline, es una tremenda rareza, debido a la complicación que supone sincronizar todos sus generadores y conseguir la frecuencia cuántica necesaria para anular los equipamientos rivales.
loc_ev_09_descr;“Anula los equipamientos experimentales del jugador contrario durante todo el partido «Es como programarles a tus rivales un viaje de regreso a la época de las cavernas, en la que tú eres su tigre mecánico de dientes de sable». Downjumper”
loc_story_intro_00;¡Qué gran multilugar es el multiverso! En nuestra Tierra aún ignoramos lo sabrosas que son las multigrasas saturadas y lo cómodos que son los sillones de las realidades paralelas.
loc_story_intro_01;También ignoramos el gran problema de salud que sufren sus habitantes, debido a la mala alimentación y a la vida sedentaria: obesidad, diabetes, síndrome de Schmidmaartprrrinfir’ar’ar.
loc_story_intro_02;Afortunadamente, ellos sí se han percatado del asunto, hasta el punto de haber declarado una crisis sanitaria multiversal.
loc_story_intro_03;Hace algunos años cuánticos, las naves transdimensionales enviadas por Industrias Third Kind localizaron un insignificante planeta donde parecían conocer el remedio. Ese remedio era la Tierra. Y la solución, el deporte.
loc_story_intro_04;Así nació el Aces of Multiverse y se popularizó hasta convertirse en altavoz para las causas más raritas de todos los universos posibles. Desde los informes planetas Protozoicos de la dimensión 340, hasta la hiperindustrializada Luna-Sede de Industrias Third Kind en el Premiumverso, cada vez más mundos alternativos se unen a la competición, tanto para reclamar derechos como para defender perversos intereses… y además mantener la cinturita.
loc_story_intro_05;Esta es la historia de los tres primeros equipos que se unieron a la competición.
loc_story_chapter0_00;¡El planeta Plantígrado está al borde de su destrucción total! ¡La explotación de sus recursos naturales lo está destruyendo!
loc_story_chapter0_01;El equipo de los Sputnik Bears fue el primero en percatarse de que el deporte, además de para mantenerse sano, servía para defender sus nobles motivos. Ellos luchan por llevar la voz de su tierra natal a todo el Multiverso. Pero no todo es tan sencillo.
loc_story_chapter0_02;Ambos combinados han protagonizado enfrentamientos históricos debido a su rabiosa rivalidad. Todo comenzó cuando los mutantes fueron acusados de contaminar los bellos parajes de Plantígrado con isótopos radiactivos ocultos en balones reglamentarios. En el siguiente encuentro, los Sputnik Bears convirtieron el vestuario contrario en una letrina para osos. Los patrocinadores de Radiostar Freaks respondieron situando en la órbita de Plantígrado un restaurante de comida rápida cuyas recetas se elaboran con uranio enriquecido. En la última ocasión, los Radiostar Freaks ganaron en el último segundo, tras arrebatarle el balón a David Guralev, quien sufrió una lesión con secuelas permanentes.
loc_story_chapter0_03;Ahora el balón está en el tejado de los Sputnik Bears. ¿Conseguirán su venganza?
loc_story_chapter1_00;¡La vacuna contra el virus mutágeno del moquillo radiactivo existe y las corporaciones multiversales bloquean su patente!
loc_story_chapter1_01;Los Radio Star Freaks abanderan la lucha contra esta injusticia. Los Electro Killers, el poderoso equipo de los robots liberados, será el próximo obstáculo a batir.
loc_story_chapter1_02;Su historial de enfrentamientos es rico en metales corroídos por sustancias tóxicas y apéndices indescriptibles cercenados por tenazas mecánicas… Y muchas faltas de respeto
loc_story_chapter1_03;En su primer encuentro, los robots no quisieron computar a los mutantes como «personas», de forma que los Mutantes decidieron tratar a los robots como tostadoras. En un torneo posterior, los mutantes se dedicaron a rascarse los apéndices mientras los Electro Killers ejecutaban «El baile del robot», una hacka de tradición sagrada.
loc_story_chapter1_04;En su último partido, los Electro Killers vencieron por tres goles arriba, tras lo cual hicieron sonar una batería de risas enlatadas. ¿Serán capaces los Radiostar Freaks de devolver el golpe?
loc_story_chapter2_00;Los robots acaban de conquistar sus derechos, ¡pero aún hay que luchar por consolidarlos!
loc_story_chapter2_01;El equipo de los Electro Killers defenderá su causa en la cancha. Derrotar a los Sputnik Bears, el arrogante equipo de los osos, será todo un reto.
loc_story_chapter2_02;Los úrsidos de Plantígrado culpan a la tecnología autónoma de muchas de las desgracias de su planeta, y no dudan en demostrar que la mente está por encima del microprocesador. En uno de los últimos encuentros, se hicieron mondadientes de estaño con los restos de un robot desconectado, para enfurecer a los Electro Killers. Estos respondieron en el partido de vuelta, ofreciendo un espectáculo circense de osos en bicicleta durante el descanso.
loc_story_chapter2_03;En el último encuentro, tan solo un gol de diferencia concedió la victoria a los úrsidos, que declararon que quien no tiene carne no tiene honor. ¿Serán capaces los Electro Killers de demostrar quién se queda con el honor y quién se queda con la carne?
loc_story_chapter3_00;Los Sputnik Bears luchan por preservar su entorno y su modo de vida milenario del expolio de Industrias Third Kind.
loc_story_chapter3_01;Para las Riot Girls, el equipo multidimensional dedicado al empoderamiento femenino, lo de “modo de vida milenario” huele a naftalina patriarcal.
loc_story_chapter3_02;Los plantigradenses, nobles pero arrogantes, se niegan a tomarse en serio las demandas de estas chicas. Las tildan de “problemas de primer mundo”. Las Riot responden que no están aquí para darles lástima a los osos, sino para reducirlos a cenizas. Moustakim Vitalievich afirmó que Emily Emo Lee era demasiado mona para jugar a esto. La Riot Angel le contestó que para monería, la de Moustakim, que parece el peluche de un lactante.
loc_story_chapter3_03;En el primer encuentro, las Riot Angels humillaron a unos confiados Sputnik Bears. Los osos pusieron todo tipo de excusas: que si teníamos miedo de hacerles daño, que si no pueden pretender que juguemos al mismo nivel contra ellas, tan chiquiticas y bonicas... En un segundo encuentro salieron al campo a ganar; sudaron sangre, se dieron cera, y consiguieron la victoria por un único tanto de David Guralev.
loc_story_chapter3_04;En este próximo partido, ¿cuál de los dos equipos demostrará ser más duro y menos encantador?
loc_story_chapter4_00;No está bien reírse de los feos. Tampoco está bien reírse de unas niñas. Cuando enfrentas feos contra niñas, ¿quién se ríe de quién?
loc_story_chapter4_01;Los Radio Star Freaks abanderan la lucha por la dignidad de los mutantes.
loc_story_chapter4_02;Las Riot Angels representan el empoderamiento femenino.
loc_story_chapter4_03;Y es una pena que, dada la nobleza de ambas causas, ambos equipos no se puedan llevar bien. En un primer encuentro, Sedruol le tiró de la careta a Abitha Octavia Cob, propinándole un feo latigazo en la cara. Según la mutante, lo hacía para demostrar que no es tan bella como quiere hacernos creer. En un encuentro posterior, Flower Smashing Power esparció polen por el campo irritando profundamente el gigantesco globo ocular de Sedruol.
loc_story_chapter4_04;En el último partido, Scimpheak  se coló en el vestuario de las Riot Angels y cambió el volumen de Cumbres Borrascosas de Messalina Leonidas por un diario deportivo, lo cual casi le provoca un ictus. Entre tantas rivalidades individuales, nadie se ha preocupado por aunar sus razonables objetivos… ni siquiera por recordar los resultados de los partidos.
loc_story_chapter4_05;¿Pero cuál será el resultado de hoy?
loc_story_end_00;Por minúscula que sea la realidad cuántica, esta victoria la hace un poco más bella.
loc_story_end_01;La liga Aces of Multiverse guarda muchos más secretos, sorpresas y victorias. Pero está necesitada de algo: más Aces.
loc_team_oso00_00;El equipo del planeta Plantigrado en el Premiumverso Original, está compuesto en su totalidad por úrsidos descendientes de Masha y Misha, los primeros colonizadores llegados en una antigua cápsula Soyuz. Juegan por hacer oír la voz de su planeta, en el punto de mira de las grandes corporaciones mineras como Third Kind. El honor, la igualdad y la naturaleza son sus valores. La fuerza y la garra (literalmente) sus armas.
loc_team_oso01_00;En el universo D404, tras las guerras contra la corporación Third Kind, la población de jóvenes plantigradenses ha quedado mermada. Para completar un equipo úrsido los Barely Bears han incluido en el programa de dos robots los valores de defensa de la naturaleza y del honor propios de su planeta.
loc_team_oso02_00;"Juegan al Aces of Multiverse para financiar sus expediciones de ""cosmonáutica radical"" Estos tres ""cosmonautas extremos"" úrsidos, con sus dos asistentes robóticos, tienen el record de distancia en cápsula analógica, el de paseo espacial en apnea y el de viaje con hibernación prolongada. Cabe destacar que alcanzaron la primera luna del planeta Plantigrado aguantando la respiración en un tonel de arenques ahumados."
loc_team_mutant00_00;Un equipo formado enteramente por mutantes para defender la causa mutante. Son supervivientes del virus del moquillo radiactivo, que se propagó tras la explosión de la Supernova Kaar 23030, y que transmite, además de la enfermedad, las características genéticas de un huésped al siguiente (de ahí las mutaciones). Juegan para dar visibilidad a sus problemas, sobre todo para que se liberalice la patente de la vacuna contra dicho virus, en manos de industrias Third Kind.
loc_team_mutant01_00;Empeñados en ganar el título de Aces of Multiverse a cualquier precio, estos mutantes han secuestrado al hijo de la estrella plantigradense Aleksei Rollan, y amenazan con contagiarle el moquillo radiactivo y convertirlo en mutante si su padre no juega con ellos a tope. Aleksei no tiene más remedio que emplearse a fondo, pero es que tampoco sabe saltar a un campo sin darlo todo.
loc_team_mutant02_00;"La incorporación de Zapiram ha servido para empoderar a las jugadoras femeninas del equipo mutante del universo D303. En esta realidad paralela, la estratosférica ace del planeta Protozolia solo acepta jugar si sus compañeras integran el combinado titular inicial. ""Y a quien no le guste"", dice, ""que se vaya a nadar en protoplasma"". Los resultados, de momento, son incontestables."
loc_team_robot00_00;Este equipo del Premiumverso Original está compuesto íntegramente por robots que quieren reivindicar sus recién adquiridos derechos. Sin embargo, aunque ya sean considerados personas,esto no quiere decir que siempre se comporten como tales. Si su algoritmo lo justifica, no dudarán en arrancarle el brazo a un oso... o en desempeñar la función de un reposapiés metálico durante una semana seguida.
loc_team_robot01_00;La existencia de este equipo de la Dimensión Confusa se basa en el error. En primer lugar, su nombre es un error: parece la marca de un snack de patatas fritas. En segundo lugar, los robots han fichado por error a dos jugadores pensando que son máquinas, cuando en realidad son úrsidos con sistemas cibernéticos que les sirven de apoyo. Y, en tercer lugar, los úrsidos han aceptado por error, porque creían que estaban firmando el contrato de leasing de una nueva nave interdimensional. Lo que no es un error es su forma de jugar: ya que han montado esta extraña mezcla de microchips y tejidos orgánicos, pues van a por todas.
loc_team_robot02_00;Desde la invención de la Inteligencia Artificial, los humanos han perseguido el sueño de poder bailar como un robot. Nunca lo han conseguido. Por eso, este equipo robótico del universo Z404 recurre a esta graciosa danza para humillar a sus adversarios derrotados... Derrotados porque, dado que cuentan en sus filas con el poderoso ace Downjumper, es difícil que el encuentro termine de otra manera.
loc_team_princess00_00;Han sido seleccionadas con un propósito por la legendaria líder Quantic Fem, Samantha Quark, de entre las mejores jugadoras de todas las realidades posibles. Y ese propósito es demostrar que jugar como una chica es jugar mejor que nadie. Las Riot Angels son jugadoras de carácter explosivo, hábiles y poderosas. Hartas de desempeñar un rol secundario en cada rincón del multiverso, estas radicales Quantic Fems se han puesto de acuerdo para exigir los mismos derechos y el mismo reconocimiento que cualquier otro jugador masculino. Por eso han escogido el terreno de juego más duro en el que hacerse valer: el campo de Aces of the Multiverse.
loc_team_princess01_00;En muchos universos paralelos, las Quantic Fems no están solas a la hora de luchar por una mayor igualdad en los equilibrios de poder. Algunas de ellas se han asociado con dos úrsidos adeptos a la causa: por un lado, Leonid Arkaimovich, quien ya ha demostrado su compromiso con la deconstrucción de los roles de género (no en vano, juega con su hijo en una mochila de porteo). Y por otro, Kirill Georgiy, un joven que siempre está abierto a jugar por un futuro más justo.
loc_team_princess02_00;Ingenieras multiversales comprometidas con el movimiento Quantic Fem han reprogramado a dos famosos robots para que empaticen con su causa. Ahora, estos dos jugadores mecánicos sienten en sus propias tuercas la injusticia de tener un techo de cristal sobre sus cabezas, y el peso de una cultura patriarcal oprimiendo sus circuitos. Afortunadamente, también son capaces de experimentar toda la sororidad propia del movimiento Quantic Fem y, por eso mismo, rendirán al 100% para cumplir sus objetivos.
loc_match_stats_goal;Goles
loc_match_stats_possession;Posesión
loc_match_stats_bestplayer;Mejor jugador
loc_match_stats_dmg;Daño recibido
loc_menu_quickplay;Partida Rápida
loc_menu_storymode;Modo Historia
loc_menu_pairdevice;Emparejar dispositivo
loc_menu_settings;Opciones
loc_menu_editteam;Editar equipo
loc_menu_chooseteam;¡Elige tu escudo y nombre de equipo!
loc_menu_team;Equipo
loc_menu_teammanagement;Gestión de equipo
loc_menu_locker;Vestuario
loc_menu_statistics;Estadísticas
loc_menu_strength;Fuerza
loc_menu_dexterity;Destreza
loc_menu_shotskill;Habilidad de tiro
loc_menu_speed;Velocidad
loc_menu_stamina;Estamina
loc_menu_hitpoints;Puntos de vida
loc_menu_album;Álbum
loc_menu_filters;Filtros
loc_menu_aces;Aces
loc_menu_common;Comunes
loc_menu_infrequent;Infrecuentes
loc_menu_rare;Raras
loc_menu_ultrarare;Ultrarraras
loc_menu_skip;Pasar
loc_menu_get;Coger
loc_menu_xplorawatch;Reloj Xplora
loc_menu_mobile;Móvil
loc_menu_nodevice;Sin dispositivo
loc_menu_press;Pulsa
loc_menu_new;¡Nuevo!
loc_menu_completed;¡Completado!
loc_menu_1v1;1 Vs 1
loc_menu_1vAI;1 Vs IA
loc_menu_league;Liga
loc_menu_tournament;Torneo
loc_menu_customize;Configurar
loc_menu_back;Atrás
loc_menu_next;Siguiente
loc_menu_select;Seleccionar
loc_menu_difficulty;Dificultad
loc_menu_selectdevice;Selecciona dispositivo
loc_menu_playmatch;¡Jugar partido!
loc_menu_choosecountry;Elige tu país
loc_menu_carddescription;Descripción
loc_controller_aceskill;Usar habilidad de Ace
loc_controller_castleft;Lanzar carta izquierda
loc_controller_pause;Pausa
loc_controller_castright;Lanzar carta derecha
loc_controller_closestplayer;Controlar jugador más cercano
loc_controller_dash;Embestida
loc_controller_sprint;Sprint
loc_controller_shoot;Chutar
loc_controller_pass;Pasar
loc_controller_moveteam;Mover todo el equipo
loc_controller_controlplayer;Controlar jugador activo
loc_ecode_success;Éxito
loc_ecode_authfail;Fallo de autenticación
loc_ecode_unknownexception;Error desconocido
loc_ecode_unreachable;No se ha podido alcanzar el servidor
loc_ecode_generalerror;Error general
loc_ecode_wrongparams;Parámetros erróneos
loc_ecode_wrongformat;Formato erróneo
loc_ecode_wrongnumberformat;Formato de número erróneo
loc_ecode_phonenotfound;Teléfono no encontrado
loc_ecode_nicknotfound;Nick no encontrado
loc_ecode_wrongcode;Código erróneo
loc_ecode_nickponealreadyexists;Nick o teléfono no encontrado
loc_ecode_noscenario;No hay pasos suficientes...¡sigue entrenando!
loc_ecode_wrongauth;Autenticación en servidor errónea
loc_ecode_forbiddenaccess;Acceso prohibido
loc_ecode_urlnotfound;Url de servidor no encontrada
loc_ecode_progerr;Error de programación
loc_msg_stun;¡Stun!
loc_msg_hp;Hp
loc_msg_miss;¡Pérdida!
loc_msg_ko;¡KO!
loc_msg_exhausted;¡Exhausto!
loc_msg_zombie;¡Zombie!
loc_menu_acesDetails;“Aces of the Multiverse” es el primer videojuego que te premia por el deporte que practicas. Regístrate con tu dispositivo Xplora y transfoma el ejercicio físico en suculentos premios del multiverso. Podrás sumar nuevas cartas a diario dependiendo del ejercicio que hayas realizado. ¡Juega, corre, diviértete y gana cartas! Hay más de cien en la colección y algunas de ellas muy difíciles de conseguir si no mueves el culo..."
loc_eula;“Cualquier contenido adquirido en una tienda del juego se le comprará a PlayStation Network Europe Limited (“PSNE”) y estará sujeto a sus Términos de servicio / Acuerdo de usuario que está disponible en PlayStation®Store. Le rogamos que compruebe los derechos de uso en cada compra, ya que pueden variar según el producto. A menos que se indique lo contrario, el contenido disponible en una tienda del juego tiene la misma clasificación por edades que el juego.” "
loc_menu_charBiography;Biografía del personaje
loc_msg_directPass;¡Pase directo!
loc_msg_freeBall;¡Bola suelta!
loc_msg_slow;¡Slow!
loc_menu_equipment;Equipamentos
loc_menu_events;Eventos
loc_race_robots;Robots
loc_race_mutants;Mutantes
loc_race_humanoids;Humanoides
loc_race_aliens;Aliens
loc_race_princesses;Princesas
loc_loading;Cargando…
loc_menu_master;Master
loc_menu_soundEffects;SFX
loc_menu_music;Música
loc_menu_exit;Salir
loc_menu_continue;Continuar
loc_menu_pause;Pausa
loc_menu_cleared;¡Completado!
loc_menu_cardsUnlocked;¡Cartas nuevas!
loc_menu_teamUnlocked;¡Equipo desbloqueado!
loc_menu_connecting;Conectando…
loc_menu_close;Cerrar
loc_menu_newName;Nombre de equipo
loc_menu_none;Nadie
loc_tutorial_Conectivity_00_00;Eh, tú, joven conglomerado de partículas cuánticas. ¿Practicas deporte en tu propia dimensión?
loc_tutorial_Conectivity_01_00;Consigue tu Xplora: el dispositivo revolucionario que te ayudará a entrelazar cuánticamente tu anodina vida cotidiana con múltiples realidades alternativas habitadas.
loc_tutorial_Conectivity_01_01;Siempre que lleves en la muñeca tu dispositivo Xplora, estarás conectado interdimensionalmente. Tu ejercicio físico se considera oro en otras realidades alternativas.
loc_tutorial_Conectivity_01_02;Xplora cuenta tus pasos y los transfiere a través del multiverso, convirtiéndolos en jugadores y accesorios para completar tus equipos.
loc_tutorial_Conectivity_01_03;Entra en el menú de sincronización. Memoriza el dispositivo que recogerá tus pasos. Y listo.
loc_tutorial_Conectivity_02_00;Si tu dispositivo es un Reloj Xplora, ganarás inmediatamente un Ace, uno de los cromos más preciados.
loc_tutorial_Conectivity_02_01;Cada día, Aces of the Multiverse te ofrecerá nuevos cromos. Y serán más valiosos cuantos más pasos y más horas de juego se hayan registrado.   
loc_tutorial_Conectivity_03_00;¿A qué esperas? Si esparcirte en un solo universo te parece poco esparcimiento para ti, conecta tu Xplora. Muévete. Haz deporte. Juega. Colecciona todos los cromos.
loc_tutorial_Conectivity_03_01;¡¡¡Y conviértete en un ACE OF THE MULTIVERSE!!!
loc_tutorial_Story_00_00;Aces of the Multiverse es mucho más que un fútbol rarito interdimensional. Si quieres jugar, más te vale hacerlo bien.
loc_tutorial_Story_00_01;Si es tu primera vez, debes desbloquear los equipos jugando en Modo Historia. Los recientes sucesos más pasmosos del multiverso te dejarán ionizado. Y además, obtendrás cromos para configurar tus propios equipos.
loc_tutorial_Story_00_02;Con cada victoria ganarás nuevos cromos. Aunque no serán tan buenos como los que obtengas con tu propio ejercicio registrado por tu dispositivo interdimensional Xplora.
loc_tutorial_Story_01_00;En el terreno de juego puedes elegir al jugador más cercano al que lleva la pelota.
loc_tutorial_Story_02_00;Correr.
loc_tutorial_Story_03_00;Golpear para hacerte con el balón.
loc_tutorial_Story_04_00;Pasar.
loc_tutorial_Story_05_00;Y tirar a puerta.
loc_tutorial_Story_05_01;Pero también encontrarás recursos nunca vistos. El equipamiento especial puede darte ventajas sorprendentes, pero, cuidado, se agota.
loc_tutorial_Story_06_00;Los Aces son jugadores de élite. Cada uno tiene su propia habilidad especial que te permitirá dar la vuelta al resultado del partido.
loc_tutorial_Story_06_01;Todos los equipos son distintos. Cada campo, también. Todo influye en el juego. Pero tu mente y tus reflejos son los que manejan los hilos desde una dimensión paralela.
loc_tutorial_Story_06_02;¡Conviértete ya en un ACES OF THE MULTIVERSE!
loc_tutorial_Team_00_00;¿Tienes buena memoria? Pues recuerda que en Aces of the Multiverse cada victoria y, sobre todo, el ejercicio que practiques, te dará acceso a nuevos cromos de jugadores y equipamiento.
loc_tutorial_Team_00_01;Colecciona estos cromos en tu álbum personal. Para conseguir los más valiosos, vas a tener que sudar, te lo aseguro.
loc_tutorial_Team_01_00;En la sección de Team Management puedes gestionar los cromos de tu álbum. Crea tus propios equipos con la combinación de jugadores que quieras.
loc_tutorial_Team_01_01;Cada personaje tiene sus propias estadísticas y formas de jugar basadas en cuatro habilidades fundamentales: Fuerza, Puntería, Destreza y Velocidad.
loc_tutorial_Team_01_02;También encontrarás una posición recomendada: Defensa, Delantero o Medio. Así podrás equilibrar tus equipos con facilidad.
loc_tutorial_Team_02_00;Los cromos de equipamiento mejoran las habilidades de tus jugadores y los de equipamiento especial te dan la posibilidad de hacer cosas nunca vistas durante el partido.
loc_tutorial_Team_02_01;Muévete y haz deporte para conseguir los mejores cromos. Elige tus cinco titulares, tus dos reservas, equípalos con la tecnología más moderna y convierte a tu equipo en una LEYENDA EN TODO EL MULTIVERSO.
loc_tutorial_match;Antes del partido
loc_tutorial_xplora;Conecta tu dispositivo Xplora
loc_menu_audio;Audio
loc_menu_controls;Controles
loc_menu_tutorial;Tutorial
loc_menu_language;Idioma
loc_menu_credits;Créditos
loc_menu_previous;Anterior